disruption_id,route_id,disruption_type,severity,start_time,end_time,affected_radius_km,latitude,longitude,resolved
4c24e6c1-c353-4915-af67-b6ebb6e89bbc,R103,strike,5,2026-04-06 16:59:59.121382,2026-04-09 05:59:59.121382,9.5,25.308655,80.92915,True
76fe3d74-5e0a-463f-95b4-3aa9ffaf63ad,R088,road_closure,4,2026-01-07 03:59:59.121382,2026-01-07 06:59:59.121382,42.46,8.59695,96.127386,True
6896e28a-d564-46d5-864b-aeac9e8dad15,R038,accident,4,2026-04-01 02:59:59.121382,2026-04-03 12:59:59.121382,18.11,23.217937,80.526406,True
3fd06d0a-28db-4a64-90bf-d35b202e9176,R059,accident,4,2026-04-06 12:59:59.121382,2026-04-09 02:59:59.121382,31.66,13.79054,82.912799,True
d8db3bfb-ec9d-4207-965c-3b18ed57e555,R131,road_closure,3,2025-12-07 06:59:59.121382,2025-12-08 21:59:59.121382,30.35,8.384684,95.323851,True
2fa75eac-d180-47be-a7d6-52dd10fb6fa7,R009,accident,5,2025-12-12 07:59:59.121382,2025-12-14 19:59:59.121382,6.55,11.539109,82.36013,True
69b1ba9f-f13e-47e5-b439-a37369bba71b,R081,strike,2,2026-01-07 23:59:59.121382,2026-01-08 01:59:59.121382,30.55,20.32952,74.030308,True
2c0c3ccf-fae7-4bd9-a410-872e0ceb6225,R191,accident,2,2026-03-09 01:59:59.121382,2026-03-11 15:59:59.121382,19.69,34.873107,89.090888,True
4813d817-2e3d-48e9-bc1e-7cc5c801f245,R190,road_closure,5,2026-01-29 12:59:59.121382,2026-01-31 17:59:59.121382,32.32,25.015784,95.992404,True
07ca9e1f-c3c1-4202-b241-db94cb83d693,R041,road_closure,5,2026-02-15 20:59:59.121382,2026-02-16 05:59:59.121382,5.25,30.395098,73.762755,True
be50258d-d314-4da6-86c0-49fa9f990389,R139,congestion,1,2025-12-07 00:59:59.121382,2025-12-08 11:59:59.121382,21.13,30.36684,70.147295,True
ce799ce0-2fd6-484a-82db-df752804e8b4,R041,strike,1,2026-02-08 15:59:59.121382,2026-02-10 01:59:59.121382,35.1,10.766893,78.753729,True
cf18b389-d40d-4c0b-a763-a39ed6a5149d,R037,congestion,4,2026-01-07 05:59:59.121382,2026-01-08 16:59:59.121382,37.1,21.694233,71.468233,True
85f4f0fa-57f3-430b-ab5d-92fefd687a84,R001,road_closure,2,2025-11-30 20:59:59.121382,2025-12-01 23:59:59.121382,6.14,23.159252,80.39869,True
adba7cc8-32dc-4c84-b489-11512d2564bc,R179,weather,4,2026-01-15 23:59:59.121382,2026-01-16 22:59:59.121382,14.14,25.528104,83.655392,True
5a567a12-a595-48ee-93a8-fecfe034e91c,R013,congestion,3,2026-01-26 01:59:59.121382,2026-01-27 19:59:59.121382,44.22,31.435491,86.368709,True
2196e4cb-693d-49d2-af11-e1a698e7f34c,R028,strike,4,2026-01-27 16:59:59.121382,2026-01-30 06:59:59.121382,24.22,11.191506,74.61012,True
f2c2c1bc-f286-47b5-9f6c-16075ec3939b,R116,road_closure,1,2026-04-18 20:59:59.121382,2026-04-21 18:59:59.121382,14.99,22.811672,80.104919,False
eae746d6-0493-4d88-99a3-bd61c2c01f7c,R051,accident,4,2025-11-20 12:59:59.121382,2025-11-22 23:59:59.121382,36.64,17.372885,83.044928,True
ec576401-9104-403d-b48a-2677c81ce0a3,R113,mechanical,1,2026-02-28 15:59:59.121382,2026-03-02 06:59:59.121382,17.82,22.420207,76.725471,True
178075b2-ff6b-4033-9d07-fcb805423ffc,R081,congestion,1,2026-04-20 01:59:59.121382,2026-04-22 07:59:59.121382,33.55,8.958471,78.007066,False
f2da58fb-a272-4999-b00b-082e874f2e97,R126,accident,5,2025-10-31 21:59:59.121382,2025-11-02 05:59:59.121382,21.63,25.188205,70.344746,True
d4f7eecd-166e-43c0-b594-5f0093de84e2,R145,mechanical,5,2025-12-27 01:59:59.121382,2025-12-29 23:59:59.121382,40.93,19.565909,91.676524,True
1f59e84f-6f1b-4d32-a410-206daeb597c1,R124,congestion,5,2026-04-18 07:59:59.121382,2026-04-20 18:59:59.121382,41.43,14.38699,88.623336,True
e642c194-2fbe-4f31-a8f9-efd79f650e20,R148,strike,1,2025-11-11 19:59:59.121382,2025-11-13 10:59:59.121382,20.35,35.16517,71.988107,True
d80e833c-2474-4815-97a5-f9ac8e16f6f3,R178,mechanical,2,2026-01-12 20:59:59.121382,2026-01-13 12:59:59.121382,28.83,31.699444,84.100824,True
8f4e7008-696f-444c-a422-59e04754f116,R002,weather,4,2026-03-15 04:59:59.121382,2026-03-15 13:59:59.121382,43.1,16.087269,88.310377,True
06d57943-7de4-4097-9223-5effe0a89690,R148,mechanical,1,2025-11-20 07:59:59.121382,2025-11-21 19:59:59.121382,5.41,34.058071,85.586443,True
231fd43d-e64d-49b5-8cfc-010553f62826,R099,weather,5,2025-11-26 13:59:59.121382,2025-11-29 07:59:59.121382,15.09,28.064961,86.906877,True
8ac632ae-d9ba-47f7-9a7e-98f5badd76ca,R161,strike,1,2025-11-30 06:59:59.121382,2025-12-02 06:59:59.121382,43.22,29.648251,86.839354,True
459dc6f3-3f46-46cd-8afc-23aa567b5d8a,R145,weather,4,2025-12-27 05:59:59.121382,2025-12-28 03:59:59.121382,22.69,15.0757,96.217306,True
34e468ae-87e1-4d06-8f20-61fcc1eea9aa,R182,congestion,3,2026-04-01 02:59:59.121382,2026-04-02 06:59:59.121382,15.36,27.398798,93.060859,True
bba62c85-9f22-44fb-ae1a-6e04459aa8ec,R048,congestion,4,2026-03-17 10:59:59.121382,2026-03-18 03:59:59.121382,17.58,36.841965,81.628391,True
c5501031-d221-4da9-a7d3-56eec99d5cb3,R006,congestion,4,2026-03-15 03:59:59.121382,2026-03-17 01:59:59.121382,43.39,36.03299,95.944979,True
a1bb5a97-4995-423a-92be-40365fafd816,R191,road_closure,5,2025-11-12 04:59:59.121382,2025-11-13 13:59:59.121382,30.06,17.190738,72.91529,True
26e82d7e-a4e7-4321-97e7-b769246a15c3,R054,accident,3,2026-01-07 13:59:59.121382,2026-01-08 13:59:59.121382,21.14,14.058643,87.463162,True
aab69314-3406-4a79-b556-8e22611c6707,R127,congestion,2,2025-12-12 10:59:59.121382,2025-12-13 19:59:59.121382,29.88,11.962019,88.558419,True
7e523055-1f3f-42b5-85ed-ae31cca229de,R170,accident,3,2026-03-02 03:59:59.121382,2026-03-02 16:59:59.121382,33.26,10.366231,68.150361,True
d1909242-acdb-4536-98c7-b447845b3017,R020,weather,4,2025-12-27 04:59:59.121382,2025-12-27 19:59:59.121382,31.02,18.891906,70.725476,True
7cba8ae2-a7af-451d-9f3c-c849cbae2fa0,R086,congestion,1,2026-02-17 05:59:59.121382,2026-02-19 15:59:59.121382,6.75,32.951734,75.257289,True
bbf6a100-3edd-480c-b535-71171e88636e,R015,mechanical,3,2026-01-11 02:59:59.121382,2026-01-11 10:59:59.121382,33.03,30.329813,74.25881,True
b6becbd8-4d48-4cea-a87d-c224025d4eaa,R196,mechanical,5,2025-12-26 12:59:59.121382,2025-12-28 19:59:59.121382,48.63,12.01224,71.849617,True
47586edf-cc84-440c-bb7a-169048cb11ba,R106,mechanical,3,2025-11-27 03:59:59.121382,2025-11-29 18:59:59.121382,16.29,20.572101,89.577237,True
d008e215-15e4-4411-8803-0396c88c798b,R117,mechanical,1,2025-12-02 06:59:59.121382,2025-12-02 07:59:59.121382,16.26,13.025535,72.536674,True
f7a86dec-b1b7-49f8-a5b3-ae4dfea425dc,R126,mechanical,1,2025-12-26 02:59:59.121382,2025-12-26 18:59:59.121382,24.61,22.984191,87.056229,True
9354f95c-0abc-4e77-9cb2-6ecd09bebff3,R093,congestion,4,2025-11-18 11:59:59.121382,2025-11-20 14:59:59.121382,10.22,29.977537,68.417411,True
07d7cf4c-3b29-4daa-9c42-09143b4c775a,R069,weather,4,2025-11-28 11:59:59.121382,2025-11-30 02:59:59.121382,34.24,18.042825,81.475541,True
70657df4-10f2-4a07-8b4e-b982ee614e19,R010,mechanical,5,2026-01-12 01:59:59.121382,2026-01-14 05:59:59.121382,27.64,18.863766,86.149938,True
98dfb385-1cd0-4b1f-8b98-af4f1c76d163,R001,road_closure,5,2026-04-17 11:59:59.121382,2026-04-18 11:59:59.121382,44.02,35.372857,95.383296,True
f000e035-f16c-417d-99a0-2fae627eff02,R160,congestion,4,2025-11-20 15:59:59.121382,2025-11-22 17:59:59.121382,41.5,24.627644,71.72651,True
14a88dbc-c849-4bc4-9a1e-a6f39d72b991,R171,road_closure,4,2026-02-14 02:59:59.121382,2026-02-15 11:59:59.121382,17.33,26.893058,73.993846,True
a641ebf8-5add-4d29-b471-6e4539c6c3ac,R012,mechanical,2,2026-03-17 04:59:59.121382,2026-03-17 12:59:59.121382,20.33,19.176502,87.766796,True
07e316f3-14cc-4775-9e66-0bbffd549b7d,R115,weather,4,2026-02-22 06:59:59.121382,2026-02-23 11:59:59.121382,48.54,9.136403,80.120435,True
e8c779bb-6a67-4b57-8a44-b1b844504fa2,R164,accident,5,2025-11-21 00:59:59.121382,2025-11-23 01:59:59.121382,16.25,29.217785,71.703002,True
9693f27f-6bbe-4ee6-8188-57ab8ab0a83b,R096,mechanical,5,2026-04-09 10:59:59.121382,2026-04-11 17:59:59.121382,9.64,29.775261,89.881743,True
d55257a4-5f32-4c02-a009-97fa5c39ca59,R017,weather,4,2025-12-30 05:59:59.121382,2025-12-30 18:59:59.121382,5.49,33.970174,79.286849,True
81ff5e95-3129-4427-b13e-cdd4055b4a3e,R147,strike,1,2026-03-24 13:59:59.121382,2026-03-26 17:59:59.121382,25.18,24.629699,86.323279,True
eb161873-d8a2-4400-98c0-14142f887e76,R099,strike,1,2025-10-23 06:59:59.121382,2025-10-25 11:59:59.121382,9.1,30.955792,90.898926,True
564c3548-0c90-4a04-91ea-07692f3b9847,R042,accident,2,2025-12-10 00:59:59.121382,2025-12-10 18:59:59.121382,42.66,36.090906,87.95287,True
366fd9a8-699a-407d-9a02-9da961f7b732,R145,road_closure,5,2025-11-04 17:59:59.121382,2025-11-05 02:59:59.121382,8.66,31.833942,88.481025,True
93512d15-69c9-420c-921e-cb46f1f0001c,R165,mechanical,3,2025-12-06 11:59:59.121382,2025-12-09 04:59:59.121382,45.85,33.530439,74.863871,True
45bfd8a1-52e6-490b-b212-7066d74fdc7b,R045,strike,4,2026-02-10 08:59:59.121382,2026-02-12 21:59:59.121382,16.19,18.96164,88.447447,True
ecad2a75-f948-4e8c-9646-31d5e509e4e1,R019,mechanical,3,2025-10-30 14:59:59.121382,2025-11-02 00:59:59.121382,42.03,29.488242,90.248651,True
939366d6-cb48-498d-95cb-f89386248fd9,R167,weather,3,2026-01-19 10:59:59.121382,2026-01-20 11:59:59.121382,48.35,33.189375,74.484279,True
6850e5bc-f645-439f-a1c0-aba2dbc2e554,R044,road_closure,5,2026-02-19 12:59:59.121382,2026-02-20 09:59:59.121382,46.36,9.258623,94.814657,True
a09cf332-59cf-460e-bae7-38bccd3aba52,R164,congestion,3,2026-04-01 09:59:59.121382,2026-04-03 08:59:59.121382,25.45,26.252561,88.176712,True
ee7b6825-702c-4f45-a814-7724ede36c77,R117,mechanical,3,2025-11-28 04:59:59.121382,2025-11-30 13:59:59.121382,7.6,34.542376,95.80237,True
35088f59-c443-4d74-9664-79270258a1cf,R102,strike,4,2025-12-25 19:59:59.121382,2025-12-27 07:59:59.121382,31.26,21.447254,78.247215,True
b7ec8480-f1e7-4d84-8629-73af30fb8cd1,R101,weather,4,2025-11-17 05:59:59.121382,2025-11-19 20:59:59.121382,41.62,23.546795,76.976301,True
8fbd1c76-68dc-4d7a-9793-e26bf7a4b007,R157,road_closure,3,2025-12-08 09:59:59.121382,2025-12-11 06:59:59.121382,46.97,25.789041,80.129048,True
2915abac-32bf-4d73-9777-2021d4690c0c,R109,road_closure,1,2025-12-25 02:59:59.121382,2025-12-25 20:59:59.121382,31.74,36.631008,72.36209,True
c520af7d-0a29-4900-99f7-5670eca96d7a,R063,weather,3,2026-03-25 10:59:59.121382,2026-03-26 19:59:59.121382,17.3,21.592102,80.029766,True
69c43203-5a7f-4ac2-a955-6e3d79f8ad42,R055,mechanical,4,2026-01-16 22:59:59.121382,2026-01-17 01:59:59.121382,47.51,24.107519,90.300635,True
562d926f-8e3b-484e-b4ec-6802c3f62f80,R083,weather,5,2026-02-02 18:59:59.121382,2026-02-02 19:59:59.121382,15.29,35.66748,85.579064,True
a6fc51fe-7c1a-4ef0-b8e1-fd398655426c,R113,accident,4,2026-01-16 19:59:59.121382,2026-01-18 10:59:59.121382,39.75,27.475623,83.088923,True
2f3c251b-2133-4a9f-bf0e-3bcd19c2574d,R123,accident,4,2026-02-26 15:59:59.121382,2026-02-26 20:59:59.121382,31.55,10.563838,90.962717,True
265c3c9c-4e2f-49a3-9795-20a7264ed1da,R047,road_closure,5,2025-12-01 01:59:59.121382,2025-12-03 04:59:59.121382,49.12,34.191381,85.900648,True
8d1f4f12-9184-4470-a017-510840fd3d4f,R050,accident,2,2026-03-22 12:59:59.121382,2026-03-24 15:59:59.121382,28.13,34.220602,78.099409,True
d00211b9-fbc5-4438-9767-787a483a9294,R079,strike,2,2026-03-01 10:59:59.121382,2026-03-01 15:59:59.121382,42.89,31.097681,81.321057,True
ca493c78-29cc-4435-bb44-c6257f17c692,R017,strike,4,2026-02-12 01:59:59.121382,2026-02-12 07:59:59.121382,33.5,22.285925,77.533797,True
fe33f0a1-bc32-44fd-8a3f-8422780b5dba,R115,weather,3,2025-12-24 11:59:59.121382,2025-12-24 19:59:59.121382,23.52,13.221951,88.198543,True
bf818dd1-1347-42f4-ad05-466cc6b7468c,R096,congestion,3,2026-01-18 09:59:59.121382,2026-01-20 22:59:59.121382,12.6,13.576382,69.18519,True
da5138da-7938-4bfb-9d58-42505710c0e2,R092,accident,5,2026-03-30 06:59:59.121382,2026-04-02 04:59:59.121382,14.29,11.49844,81.362584,True
e27557ed-c458-4c01-a84b-f6e622e5d3a4,R034,weather,2,2026-03-07 18:59:59.121382,2026-03-08 20:59:59.121382,8.68,31.182902,86.209111,True
abbe533b-8895-4196-97c1-4da76fb0ea15,R094,congestion,5,2026-01-30 23:59:59.121382,2026-01-31 00:59:59.121382,49.38,10.450993,85.321064,True
08cc56e7-7d84-469f-98d8-5499a0e97633,R047,mechanical,2,2026-03-24 04:59:59.121382,2026-03-24 06:59:59.121382,16.36,29.676657,69.063813,True
ffb368b3-3745-4c50-9f77-13b6c730f08f,R007,congestion,3,2026-04-03 21:59:59.121382,2026-04-04 12:59:59.121382,13.2,11.041206,89.384751,True
d478964b-84b6-470b-b785-9a084c406622,R039,weather,1,2026-01-25 15:59:59.121382,2026-01-26 16:59:59.121382,35.56,33.825291,85.214181,True
36affa7d-9dac-4fa0-9278-9483ed8d44f4,R067,weather,5,2025-11-26 12:59:59.121382,2025-11-27 22:59:59.121382,30.4,24.174526,85.009528,True
2afd72c4-f379-49cd-8827-07e5f71a31a2,R042,weather,5,2026-04-15 07:59:59.121382,2026-04-16 09:59:59.121382,27.42,25.619101,75.086242,True
c6088d7b-333c-43ba-9ef9-3642be33e21c,R198,road_closure,1,2026-03-19 06:59:59.121382,2026-03-20 04:59:59.121382,26.95,14.534651,78.595348,True
8b898ff6-265a-45e7-b240-ea9cde6d1d09,R094,congestion,1,2025-12-11 08:59:59.121382,2025-12-12 15:59:59.121382,10.04,19.901508,96.48898,True
9a472306-bac0-4483-aa14-a18d4912afa2,R066,strike,4,2026-02-05 23:59:59.121382,2026-02-06 05:59:59.121382,37.53,36.276948,82.231715,True
db4b4391-3e01-4d74-aa8e-d9ce102ba168,R062,weather,2,2026-02-01 16:59:59.121382,2026-02-02 00:59:59.121382,14.23,21.821965,92.318894,True
05080222-7310-497e-a6cc-251445d8a3eb,R154,mechanical,4,2026-04-02 07:59:59.121382,2026-04-03 03:59:59.121382,32.48,15.029882,71.330268,True
3301f6a2-b539-4941-97dd-2d82b2bd7c4f,R064,mechanical,5,2025-12-16 16:59:59.121382,2025-12-16 19:59:59.121382,11.05,9.502883,77.761524,True
25f3c98b-59f4-4719-9029-67f32c22a11f,R151,accident,4,2025-12-12 14:59:59.121382,2025-12-14 06:59:59.121382,35.67,31.486359,75.384579,True
5efa949f-b57b-4700-abba-92f94b55a16f,R017,weather,3,2025-11-29 03:59:59.121382,2025-11-30 17:59:59.121382,46.83,19.943387,78.11718,True
1baab743-a2fe-4d19-8da7-3a7e53a5a813,R062,strike,4,2025-10-25 13:59:59.121382,2025-10-25 22:59:59.121382,46.69,13.945052,78.997629,True
50aed4df-7959-435e-8e1e-5a3c738525f9,R064,mechanical,4,2026-02-16 19:59:59.121382,2026-02-17 06:59:59.121382,12.36,31.062752,73.847192,True
f10fc7dc-ae08-4970-86d0-75312109ffc7,R165,road_closure,3,2025-12-19 13:59:59.121382,2025-12-20 15:59:59.121382,31.47,34.328118,77.169701,True
a1bca344-caa8-4b21-b385-51a3574e7972,R146,mechanical,3,2025-12-17 21:59:59.121382,2025-12-18 20:59:59.121382,20.99,20.723596,84.747102,True
afb2c97f-7bd2-4335-8850-f30b5826075f,R194,mechanical,5,2026-01-07 19:59:59.121382,2026-01-09 22:59:59.121382,19.98,23.74263,80.514316,True
f789f853-5a16-47a6-ba99-9e05738fdd06,R179,accident,4,2026-04-06 12:59:59.121382,2026-04-07 17:59:59.121382,30.79,22.367285,89.502366,True
6b67ddbe-bf90-47e8-a276-ec46b471f7e0,R157,mechanical,1,2026-01-14 22:59:59.121382,2026-01-16 01:59:59.121382,30.65,29.574442,68.972441,True
6cd9f6c4-b2ab-4c61-a8df-c725ef68094c,R010,road_closure,3,2026-02-07 02:59:59.121382,2026-02-08 16:59:59.121382,25.57,23.557959,78.985825,True
04cea815-e8ac-4e29-b2f6-95fae4df627e,R180,road_closure,5,2025-11-15 12:59:59.121382,2025-11-18 08:59:59.121382,33.85,28.945324,88.88106,True
faf81cf5-6bb4-4d52-9f32-2006cab2382e,R164,strike,2,2026-03-09 22:59:59.121382,2026-03-10 18:59:59.121382,31.25,13.266334,94.345066,True
369568fe-4918-4fbc-9fe0-0ce5c6f0aa44,R200,accident,3,2025-12-02 14:59:59.121382,2025-12-05 04:59:59.121382,37.67,10.923043,75.42445,True
4a7dd3f3-833e-42b0-b10f-045986c5a76d,R171,strike,4,2026-01-11 11:59:59.121382,2026-01-14 07:59:59.121382,34.31,30.912454,68.667656,True
57a2f302-5fdb-415c-865c-312da8561308,R092,accident,1,2026-03-01 13:59:59.121382,2026-03-03 05:59:59.121382,10.53,32.372749,94.4099,True
7fc575d8-5ae8-4282-851e-297fd93e6617,R101,road_closure,2,2026-01-01 23:59:59.121382,2026-01-04 05:59:59.121382,19.01,32.287233,77.632246,True
60f18914-2b70-4010-8f16-3ef97726abdb,R115,road_closure,1,2026-02-27 18:59:59.121382,2026-03-01 22:59:59.121382,10.14,30.845907,85.507924,True
4c2f2135-e246-43e4-9329-506eb8aed4b1,R025,accident,3,2026-03-15 01:59:59.121382,2026-03-15 08:59:59.121382,25.35,18.061643,89.387536,True
729b9d65-d4e0-40f2-84b7-ab62ef7d4847,R171,congestion,4,2025-10-24 05:59:59.121382,2025-10-25 05:59:59.121382,6.52,24.751327,72.799886,True
e89ee3d6-4a91-4893-8855-78186c0af962,R161,weather,5,2026-02-17 16:59:59.121382,2026-02-18 14:59:59.121382,28.18,14.382819,74.167743,True
e6537cc7-b1ab-42f3-a429-fb776358b5c7,R081,strike,1,2025-10-26 07:59:59.121382,2025-10-28 22:59:59.121382,31.79,36.909353,82.563655,True
50444dfc-0846-49ad-a767-0a79b6acc61f,R141,mechanical,3,2025-12-19 03:59:59.121382,2025-12-21 17:59:59.121382,6.64,13.94905,73.529944,True
acc367c9-c0ec-4958-b5fc-f1afc0dbc8bc,R030,congestion,2,2026-04-20 13:59:59.121382,2026-04-22 12:59:59.121382,26.65,23.301784,83.499221,False
049ead34-52c6-4143-afb4-ab44facb31f3,R166,congestion,4,2025-12-13 19:59:59.121382,2025-12-15 00:59:59.121382,17.25,10.189598,89.84414,True
eb7eb5af-4e16-4dad-aec8-b5547bda7819,R110,accident,4,2026-01-24 04:59:59.121382,2026-01-25 12:59:59.121382,6.22,28.763195,87.108794,True
eaab62f1-6e39-45fc-abfc-cc9cd07c7c53,R067,congestion,5,2026-02-08 05:59:59.121382,2026-02-11 00:59:59.121382,37.44,33.736354,84.144926,True
90fb1b9c-1989-47d9-9b83-4006269afa43,R035,mechanical,3,2025-11-28 23:59:59.121382,2025-11-30 12:59:59.121382,19.58,12.091374,79.785377,True
29edb083-4928-4cf8-b602-d315ecb70340,R007,accident,1,2025-11-21 06:59:59.121382,2025-11-22 01:59:59.121382,33.93,11.56053,93.416878,True
d48d4fdd-fb78-4127-9233-d3f7dc6b3b0a,R082,accident,1,2026-03-05 22:59:59.121382,2026-03-06 18:59:59.121382,21.34,17.74011,91.928113,True
e617705c-7992-4862-a252-c1531fe8d4b0,R119,strike,4,2026-04-16 22:59:59.121382,2026-04-18 12:59:59.121382,43.75,30.441201,78.519979,True
90045f10-135d-4159-b3a2-b8aea8251f88,R099,strike,2,2026-01-25 15:59:59.121382,2026-01-26 15:59:59.121382,49.34,11.3129,84.407522,True
25b5c567-f3f0-4cf1-b174-dfaaaf8f7dec,R128,weather,2,2025-12-27 10:59:59.121382,2025-12-28 00:59:59.121382,23.11,29.508921,88.26653,True
bfda7883-36d8-4ed7-8473-9e5a31fb971f,R022,congestion,4,2025-11-18 14:59:59.121382,2025-11-20 03:59:59.121382,10.3,8.53333,94.514665,True
5881a0ff-ee36-4dd4-8b71-30056988833f,R100,weather,2,2026-04-04 22:59:59.121382,2026-04-05 23:59:59.121382,9.8,22.426482,88.885875,True
0472d46b-c4ee-4cfc-9a27-7e71778622ee,R086,road_closure,3,2026-02-23 21:59:59.121382,2026-02-25 13:59:59.121382,27.24,15.271189,86.359844,True
58300824-35be-4e36-ae3a-f39fce943387,R138,road_closure,1,2025-11-18 06:59:59.121382,2025-11-20 20:59:59.121382,12.48,23.048613,69.362013,True
6926e550-fa61-4e40-aa66-357cfa625ac0,R107,weather,3,2026-03-16 08:59:59.121382,2026-03-17 10:59:59.121382,24.67,9.979241,92.275291,True
f7ff4c97-1a7c-49e6-9d48-62ebe6be0ba5,R164,weather,3,2026-03-13 19:59:59.121382,2026-03-16 01:59:59.121382,47.16,21.805462,87.246464,True
c310f165-1f58-4919-9512-837416c100a7,R069,weather,2,2026-03-16 12:59:59.121382,2026-03-17 08:59:59.121382,43.09,12.698402,92.40436,True
e29a92b9-45c9-4c93-bc56-c6aa003dfc00,R109,congestion,2,2025-11-19 01:59:59.121382,2025-11-20 17:59:59.121382,35.98,29.117474,82.369248,True
7ae1c52e-a5b0-47ef-abeb-cd0fc6646c22,R042,weather,3,2025-12-11 09:59:59.121382,2025-12-13 05:59:59.121382,9.64,36.063282,68.152361,True
d05c4342-57d7-4c74-8f85-4e099c817a2e,R101,strike,3,2026-03-03 10:59:59.121382,2026-03-05 19:59:59.121382,29.39,20.934167,73.368855,True
d4fa9d08-311e-43ef-a95f-97c359d40119,R083,road_closure,1,2025-12-24 11:59:59.121382,2025-12-27 09:59:59.121382,34.1,36.436727,94.197551,True
8e7a05ec-c585-4c59-892a-3fcb88dbb582,R059,accident,1,2026-01-02 12:59:59.121382,2026-01-03 20:59:59.121382,13.13,28.46168,94.832201,True
de4ac5a5-4984-4d26-9ba6-6d24817948ef,R086,accident,5,2026-04-14 18:59:59.121382,2026-04-16 18:59:59.121382,40.79,11.343179,80.231117,True
67ab9ebb-c260-4041-9289-de4033625273,R116,congestion,2,2026-01-08 10:59:59.121382,2026-01-09 00:59:59.121382,10.43,25.291826,74.670256,True
a0fbe157-b3fd-448b-b370-8e74d4df2b11,R098,congestion,5,2025-11-01 19:59:59.121382,2025-11-04 02:59:59.121382,41.18,19.730078,84.600405,True
fa9a7705-9241-47e3-ab2d-65969c61429a,R004,road_closure,1,2025-12-01 09:59:59.121382,2025-12-02 18:59:59.121382,15.48,33.693355,85.860032,True
0ec2a368-39a7-44fb-916e-4f19c4cb4d34,R055,congestion,2,2026-03-18 04:59:59.121382,2026-03-18 17:59:59.121382,40.95,23.339177,95.232963,True
fd16fc21-bfa4-4cc7-8a11-3e9c847f932b,R039,mechanical,4,2026-03-23 10:59:59.121382,2026-03-26 00:59:59.121382,44.32,21.916393,86.197658,True
b633bab6-7795-4bb8-b5ee-f13192bb7c7a,R121,accident,1,2026-01-08 07:59:59.121382,2026-01-08 12:59:59.121382,26.03,29.235882,68.097044,True
e30ffc11-d454-458c-a13e-e178f253ba1c,R120,mechanical,2,2026-02-12 09:59:59.121382,2026-02-14 23:59:59.121382,45.97,25.084147,76.040704,True
9196f646-16a9-43a3-97c6-fd999a314a03,R073,weather,1,2026-01-23 23:59:59.121382,2026-01-24 11:59:59.121382,16.65,35.736055,91.14169,True
4a159812-47cc-4d79-bc06-36ce05a71c5b,R124,mechanical,3,2026-02-18 14:59:59.121382,2026-02-19 15:59:59.121382,23.07,29.557232,69.884606,True
56e564a8-cc6e-4d56-b00d-1554becb316b,R093,mechanical,5,2026-01-01 17:59:59.121382,2026-01-04 02:59:59.121382,40.08,14.3941,73.40671,True
8691d2fe-6533-4a45-b7dd-df3463285062,R006,road_closure,5,2026-02-26 12:59:59.121382,2026-02-28 13:59:59.121382,28.63,23.029551,85.320948,True
186dd087-4843-4f6a-b413-11c2b43334d5,R123,accident,3,2025-10-25 09:59:59.121382,2025-10-27 23:59:59.121382,25.85,36.893737,94.025648,True
4010e86b-bc03-4465-b86c-b85de1006f0d,R013,road_closure,1,2026-02-07 23:59:59.121382,2026-02-08 13:59:59.121382,22.6,32.943678,81.265531,True
37ccd6e4-14fa-473b-bfbf-e8a8e5ec600e,R123,strike,5,2025-12-06 00:59:59.121382,2025-12-07 01:59:59.121382,19.81,32.713612,69.027249,True
dee3821a-7054-40b6-8f69-6239f91c6253,R025,road_closure,3,2025-12-18 12:59:59.121382,2025-12-20 02:59:59.121382,27.31,15.53286,88.979183,True
6f842bef-5213-4a7a-bf28-6ab370361490,R198,road_closure,4,2025-10-27 14:59:59.121382,2025-10-28 18:59:59.121382,27.28,10.207795,92.685001,True
2290561e-25aa-4674-aba2-5fc8e1b594cf,R062,road_closure,3,2026-02-13 03:59:59.121382,2026-02-14 19:59:59.121382,17.02,27.662468,84.406227,True
282c577b-4418-416d-a294-d9c69d0191da,R006,congestion,4,2026-01-14 11:59:59.121382,2026-01-16 04:59:59.121382,46.85,17.686257,74.922011,True
dd38312b-0993-44a9-8479-7c400d29d95f,R100,congestion,4,2026-04-14 22:59:59.121382,2026-04-16 19:59:59.121382,42.16,33.283462,68.848171,True
dfcb970f-2e4c-447c-a8f4-c3638311931c,R138,congestion,5,2025-11-14 20:59:59.121382,2025-11-16 03:59:59.121382,39.05,8.032483,84.12927,True
060aa22d-f1a0-4cee-a4c2-dc06cba40072,R012,accident,5,2026-03-06 10:59:59.121382,2026-03-07 03:59:59.121382,5.41,11.359472,78.924165,True
d69a9a90-4b90-4729-9d88-fee472271493,R109,congestion,3,2025-11-14 20:59:59.121382,2025-11-17 11:59:59.121382,38.92,19.372385,73.205422,True
05b142b9-6c38-4704-b605-9fb590029d32,R022,strike,4,2026-01-15 23:59:59.121382,2026-01-18 19:59:59.121382,8.03,16.727943,88.536991,True
55b326ef-fdf2-417b-9a57-f710a72d89c6,R138,mechanical,1,2026-03-30 03:59:59.121382,2026-04-01 05:59:59.121382,25.07,36.714303,87.605515,True
28aa91b3-fd64-498d-b5cb-1917f6eb98ad,R180,road_closure,4,2026-04-14 16:59:59.121382,2026-04-16 01:59:59.121382,39.67,17.384696,82.170653,True
289f226e-45c5-45b8-9f8c-0e898c8a89f8,R058,accident,2,2025-10-30 01:59:59.121382,2025-10-31 06:59:59.121382,43.44,35.384805,70.963615,True
c53c1e1f-7bec-47dc-b1dc-e1994b65d57b,R015,road_closure,5,2026-02-05 07:59:59.121382,2026-02-06 15:59:59.121382,34.45,10.38905,87.73448,True
06b83ad3-d06b-4a68-9c74-f75d341a6d88,R027,congestion,1,2025-12-16 15:59:59.121382,2025-12-18 23:59:59.121382,23.89,20.537709,95.364862,True
5355ed37-eaa9-49ca-91cf-ea8212f2d71e,R187,strike,3,2025-12-12 02:59:59.121382,2025-12-14 12:59:59.121382,14.59,33.928877,74.668684,True
ca11a742-dc4b-45fb-8248-e07472c73764,R064,weather,1,2026-03-28 15:59:59.121382,2026-03-29 09:59:59.121382,48.57,33.066389,81.723087,True
67d603fc-05c2-44f4-8783-f6525e2e8e8f,R174,weather,1,2026-01-18 06:59:59.121382,2026-01-18 14:59:59.121382,39.25,30.356733,92.498714,True
71dfd3bb-e811-44e3-baea-28a4ffce3ef6,R131,road_closure,4,2026-03-29 00:59:59.121382,2026-03-29 20:59:59.121382,10.28,31.099581,81.964148,True
84837d2e-4121-41ef-a059-91568c2c34eb,R017,mechanical,4,2026-01-27 23:59:59.121382,2026-01-28 08:59:59.121382,7.89,13.815217,82.256242,True
7703218e-c7b2-4e81-b768-44f7c09df47f,R117,accident,3,2026-02-16 14:59:59.121382,2026-02-17 11:59:59.121382,26.6,10.10096,79.382313,True
53685c02-5233-4eb1-873e-a9a3eee6a5fc,R095,mechanical,3,2026-03-08 02:59:59.121382,2026-03-09 19:59:59.121382,9.72,9.148946,81.934701,True
ea73e89a-c0be-41f5-8d84-028ede09efb2,R145,strike,1,2026-03-06 12:59:59.121382,2026-03-08 18:59:59.121382,30.18,25.926516,88.371484,True
16a9d709-1e18-4246-bd5c-c1bf0c8579e8,R160,accident,4,2026-01-15 01:59:59.121382,2026-01-16 10:59:59.121382,42.1,33.593471,70.392747,True
30918af8-cdaa-4cee-af8d-e66109e2ae0a,R154,mechanical,2,2025-11-06 20:59:59.121382,2025-11-08 18:59:59.121382,6.85,28.102624,91.821781,True
7d46df4c-9500-4ba0-9d5b-4bad9af9a60d,R172,weather,3,2026-02-20 00:59:59.121382,2026-02-20 06:59:59.121382,32.58,25.248522,85.881533,True
9fded868-21b1-40fd-ab53-dd8a07e3e191,R041,accident,4,2026-04-13 19:59:59.121382,2026-04-15 21:59:59.121382,32.55,26.133835,90.719259,True
9325ed3d-e8a6-4b31-8d87-4f4abbd71441,R127,congestion,4,2025-12-10 21:59:59.121382,2025-12-13 07:59:59.121382,6.83,30.731144,81.946211,True
3e5d4310-babe-4208-98cc-05308e6665a4,R188,accident,3,2026-04-09 04:59:59.121382,2026-04-09 16:59:59.121382,14.86,12.626796,93.281723,True
4d3123a1-0b23-4f57-9a7b-06729910ea2d,R055,mechanical,4,2025-10-30 19:59:59.121382,2025-11-02 00:59:59.121382,29.99,27.102525,82.447676,True
5ae6d642-f889-44c6-a190-0d9d19a84d03,R146,congestion,5,2026-01-15 03:59:59.121382,2026-01-17 14:59:59.121382,35.61,26.859445,73.786731,True
d439e7ab-040f-43c8-acc8-ab5f43f0b55c,R093,mechanical,1,2025-12-07 15:59:59.121382,2025-12-09 16:59:59.121382,38.42,33.179903,89.087903,True
dbf7b7dc-88ad-442a-aabc-7788e0fb9af3,R148,road_closure,4,2026-01-03 07:59:59.121382,2026-01-05 19:59:59.121382,31.04,9.163167,93.143913,True
fda62eb9-6a95-4b00-8e4c-ca2c7b9cba3f,R164,accident,5,2026-01-13 23:59:59.121382,2026-01-16 17:59:59.121382,34.48,25.333983,90.995727,True
d21ed2ff-968d-4fcf-b7fc-0c5ef634642b,R115,accident,5,2026-04-10 00:59:59.121382,2026-04-10 18:59:59.121382,10.92,26.315246,89.260278,True
88d440ff-a74e-4f1b-9c85-74edf3e13039,R008,strike,2,2025-10-31 13:59:59.121382,2025-10-31 15:59:59.121382,27.15,13.248332,92.777168,True
fd1c8969-3973-4d32-8c6c-e735a596b3ea,R062,mechanical,4,2025-12-17 12:59:59.121382,2025-12-18 02:59:59.121382,31.68,22.929703,78.417768,True
4c7689a8-4ae3-4be9-ac25-48f11891463b,R070,weather,3,2026-01-23 01:59:59.121382,2026-01-24 12:59:59.121382,39.81,27.045363,77.430512,True
19a1c077-fed1-46bb-9ccb-22d1a886d33d,R184,strike,5,2025-11-21 12:59:59.121382,2025-11-22 19:59:59.121382,12.64,14.845463,70.131406,True
4b2433d2-e0f9-4596-968b-0bdcaf5cd7bf,R093,accident,4,2026-01-17 18:59:59.121382,2026-01-17 19:59:59.121382,47.69,21.033581,85.048647,True
2bd068b2-9d90-4a10-a87b-a592fdbe4aac,R057,mechanical,4,2026-03-24 16:59:59.121382,2026-03-26 05:59:59.121382,40.18,18.34523,83.471846,True
42c9b33a-0cbf-43ad-be25-0e61bb7a397a,R120,strike,4,2025-12-31 12:59:59.121382,2025-12-31 18:59:59.121382,17.14,13.969395,71.245669,True
14a7639a-c15b-4d1b-aa98-d142be12ee13,R130,weather,5,2026-04-02 02:59:59.121382,2026-04-03 13:59:59.121382,19.23,21.113772,95.082376,True
af0099a9-e553-49c8-8a94-0d07bf0eee7e,R179,mechanical,4,2026-04-01 06:59:59.121382,2026-04-03 01:59:59.121382,48.79,8.504014,77.370789,True
c943809f-d79c-4da2-8e1a-f70c83ecd3a9,R039,congestion,2,2025-11-21 15:59:59.121382,2025-11-23 05:59:59.121382,18.86,12.049886,68.869234,True
574bb48c-7502-49c3-921e-ec7a3b4acedc,R080,accident,2,2025-12-18 04:59:59.121382,2025-12-18 12:59:59.121382,35.27,36.127449,70.723121,True
ca42427c-3bc4-4b49-8f9d-0b45e70663c1,R096,mechanical,5,2026-01-25 12:59:59.121382,2026-01-26 22:59:59.121382,21.84,27.187338,96.380307,True
5863b372-8bdd-4263-821b-66edcff7c457,R158,accident,2,2025-11-27 19:59:59.121382,2025-11-29 18:59:59.121382,46.89,24.547683,68.881225,True
bc4ca036-15dd-4aa8-838a-5e42fd662ab0,R046,strike,1,2026-04-20 08:59:59.121382,2026-04-21 15:59:59.121382,34.31,27.107679,79.422068,False
1560a93b-6c24-4ac9-bb34-602fd0263d0f,R090,mechanical,4,2026-02-17 18:59:59.121382,2026-02-19 03:59:59.121382,40.21,19.800331,93.25185,True
9c28cf71-dcd0-4ed4-93fc-ff08694955ea,R077,weather,3,2026-02-13 01:59:59.121382,2026-02-13 05:59:59.121382,39.3,27.360208,91.427532,True
f539f712-9ad4-4487-9ab6-1be1cd74d763,R023,congestion,5,2026-02-06 02:59:59.121382,2026-02-08 08:59:59.121382,33.36,26.823165,77.523056,True
6374d2ca-626a-47bf-8378-490fc528257b,R199,road_closure,3,2026-02-21 02:59:59.121382,2026-02-23 03:59:59.121382,5.66,23.82492,80.888164,True
7cf4315f-2637-4333-9a86-f21fffe80b40,R011,congestion,2,2025-10-29 18:59:59.121382,2025-10-29 21:59:59.121382,43.12,23.728546,95.592878,True
1772a448-3727-4add-901d-b8f6de5014e6,R156,road_closure,5,2025-11-18 15:59:59.121382,2025-11-18 20:59:59.121382,29.01,19.565861,84.824999,True
8406a3f3-ee64-495b-9d3a-c82215bfcf30,R015,congestion,2,2026-01-03 16:59:59.121382,2026-01-04 13:59:59.121382,34.14,13.677562,68.219323,True
060e703f-cde1-4a53-93d9-3116ef97f551,R124,weather,4,2026-03-01 12:59:59.121382,2026-03-04 08:59:59.121382,9.56,35.098645,78.197058,True
2d3b5a37-2227-4b99-8b9b-e10fc93459f6,R125,strike,5,2026-02-28 13:59:59.121382,2026-03-01 16:59:59.121382,31.14,34.95857,83.435546,True
40e0da17-5a3e-417d-be9e-5149a89b657d,R106,strike,2,2026-04-19 10:59:59.121382,2026-04-19 14:59:59.121382,10.55,31.872046,83.15195,True
aa6ece6b-1a55-44e1-ac06-51ebf516382b,R108,accident,5,2025-11-13 20:59:59.121382,2025-11-16 11:59:59.121382,16.55,11.099431,84.452054,True
0d7c65b0-9374-4a02-b165-3b3a62575f65,R036,strike,4,2025-12-24 20:59:59.121382,2025-12-27 02:59:59.121382,33.49,23.95657,69.258963,True
339fb6e0-0b00-4f3b-92b5-602f60efc130,R123,road_closure,5,2025-12-05 18:59:59.121382,2025-12-06 09:59:59.121382,42.79,25.718449,79.919826,True
612a2b8b-be20-488d-8922-96a9d58a85bf,R072,weather,2,2026-01-20 22:59:59.121382,2026-01-23 18:59:59.121382,24.07,15.969375,91.855815,True
21dfb2a9-ea0d-4f46-a3cb-5c53bb7b8fa6,R089,accident,3,2025-11-08 17:59:59.121382,2025-11-11 00:59:59.121382,38.16,25.011645,72.872412,True
c7227191-1bf1-4610-81a0-70b3b6c9e90e,R161,road_closure,1,2025-11-22 11:59:59.121382,2025-11-24 00:59:59.121382,29.6,26.617174,85.605727,True
f79b5f76-86cc-48dd-81fb-b8572c863a65,R138,weather,5,2025-11-20 01:59:59.121382,2025-11-22 17:59:59.121382,23.19,11.956753,88.159192,True
1ea0e57e-427c-41d4-882c-bf9e38b9e2ea,R118,road_closure,1,2026-03-28 13:59:59.121382,2026-03-29 08:59:59.121382,45.75,25.493363,77.779587,True
b7479817-3ab3-41cc-886c-41ed84b9fb76,R109,mechanical,4,2026-01-14 23:59:59.121382,2026-01-15 02:59:59.121382,20.46,19.63445,78.641726,True
ccb44495-9fde-4ac7-a17a-818845b48eb2,R196,road_closure,1,2026-02-21 01:59:59.121382,2026-02-23 13:59:59.121382,29.3,31.210339,74.77765,True
cbb1a2c3-e9b1-48d9-8b35-ffc167c0c39c,R200,accident,3,2026-03-09 00:59:59.121382,2026-03-11 22:59:59.121382,21.33,9.517827,78.975816,True
3ac18c89-940f-4eaf-a4ff-3f3305f7be21,R035,accident,4,2026-04-13 05:59:59.121382,2026-04-15 01:59:59.121382,33.57,10.574254,95.888306,True
ae5d5cd3-df13-47a0-84f2-1acaf2712002,R047,weather,2,2025-11-14 04:59:59.121382,2025-11-14 20:59:59.121382,49.16,8.035864,76.72474,True
b19766cf-4c9d-448d-829d-3e6e5260b254,R003,mechanical,5,2026-03-29 08:59:59.121382,2026-03-29 13:59:59.121382,15.96,29.378227,90.289394,True
158b2886-3978-4743-bea8-fb655cd5d6c4,R030,road_closure,4,2025-11-22 09:59:59.121382,2025-11-23 17:59:59.121382,40.19,11.703691,91.955961,True
5b668788-6390-4220-8f90-c0a725749c80,R142,strike,1,2025-11-21 09:59:59.121382,2025-11-24 03:59:59.121382,15.76,19.046376,78.043331,True
9ef15c2e-f50c-4243-b015-49e7b62ba54b,R193,congestion,3,2025-10-23 04:59:59.121382,2025-10-24 06:59:59.121382,46.37,25.417236,82.954703,True
10d130ea-6e3d-4a9d-b8d6-00603ccee5f8,R171,mechanical,4,2026-01-10 07:59:59.121382,2026-01-10 19:59:59.121382,41.79,34.987261,71.374626,True
6092584e-ce2a-4515-9387-473ab6f7f11a,R035,mechanical,2,2025-11-14 13:59:59.121382,2025-11-14 19:59:59.121382,41.84,12.097063,74.147492,True
d9186af6-4185-4c3b-afde-579cea816d62,R143,road_closure,3,2026-02-15 01:59:59.121382,2026-02-16 12:59:59.121382,33.84,18.036892,96.292696,True
aec1b7b6-c791-4dda-8ae1-47ba47f8a6d1,R025,accident,1,2026-02-27 02:59:59.121382,2026-02-28 14:59:59.121382,45.42,25.584757,72.036743,True
434161fb-5393-43ee-ba38-0281c4d3a7ce,R125,strike,3,2025-11-03 21:59:59.121382,2025-11-04 22:59:59.121382,26.52,27.3229,71.531095,True
13210510-f4d3-4a1b-985b-306e6784cb9a,R196,weather,4,2025-10-30 15:59:59.121382,2025-10-31 23:59:59.121382,47.14,11.539017,85.234432,True
732f820e-64bf-4018-a9a9-494659d0185e,R020,accident,5,2026-02-20 21:59:59.121382,2026-02-22 05:59:59.121382,34.26,14.265107,85.968051,True
404eb57d-aa7d-4ca7-ad44-cbdb28284ef6,R031,congestion,5,2025-11-10 17:59:59.121382,2025-11-10 19:59:59.121382,32.88,22.053446,89.873353,True
e9087cc1-b43e-49eb-90a4-116efb8cd87b,R083,weather,3,2025-11-23 18:59:59.121382,2025-11-24 22:59:59.121382,36.15,16.794979,70.930329,True
076eba52-194e-470d-b437-cf1989e0dcfa,R097,strike,4,2026-01-08 19:59:59.121382,2026-01-09 12:59:59.121382,12.82,14.746721,74.403276,True
f58e58c2-f78d-4568-bac6-f57f9bcb45e5,R164,strike,2,2026-02-17 22:59:59.121382,2026-02-20 13:59:59.121382,21.55,21.043755,73.644053,True
7c667254-d69d-4057-b216-788aa839ce43,R092,mechanical,5,2026-01-25 22:59:59.121382,2026-01-28 05:59:59.121382,5.86,20.068466,81.95898,True
6e20bc5c-2d3e-4e20-a9c6-43461b2a89d6,R079,road_closure,2,2026-02-22 03:59:59.121382,2026-02-23 18:59:59.121382,42.54,25.949498,77.381511,True
ad435837-accd-4cc1-b258-f8788f44cd51,R181,accident,5,2025-10-30 23:59:59.121382,2025-11-02 11:59:59.121382,16.97,26.736614,82.480681,True
7c95ca1d-8b37-4e96-b3dc-2e725c782fa2,R117,accident,4,2026-03-18 07:59:59.121382,2026-03-20 11:59:59.121382,48.03,32.927392,79.379418,True
c4cc17a0-9eef-4f3c-a584-2b1b7eca6711,R113,weather,1,2025-12-22 18:59:59.121382,2025-12-24 11:59:59.121382,16.46,27.955906,80.690491,True
b7b9cde7-5ebc-4f08-b360-90ed18f84a0a,R010,accident,2,2026-03-31 16:59:59.121382,2026-04-02 02:59:59.121382,15.21,19.204118,81.053609,True
2d6d5831-fd42-4b77-899c-898f60638fae,R145,strike,5,2026-02-11 15:59:59.121382,2026-02-14 08:59:59.121382,6.71,20.85492,69.387094,True
9e970214-0a4b-424c-a121-cb8c110c482c,R087,congestion,1,2026-01-02 08:59:59.121382,2026-01-03 08:59:59.121382,27.89,11.055658,69.031555,True
55372b8c-1628-42b1-89ba-6d5583832875,R058,mechanical,4,2025-12-03 07:59:59.121382,2025-12-03 22:59:59.121382,20.97,35.327146,90.731438,True
38835370-5574-45ac-a36e-e4f42d9abff0,R186,road_closure,5,2026-01-17 05:59:59.121382,2026-01-17 13:59:59.121382,8.7,15.686346,68.607404,True
a98de2fd-9fa5-4054-8d14-e450db9fdd27,R081,weather,1,2025-10-26 00:59:59.121382,2025-10-28 01:59:59.121382,8.12,15.406991,75.560686,True
f33f92ea-fd91-4b5f-bf6e-77ccc85c3316,R122,mechanical,2,2026-04-11 06:59:59.121382,2026-04-12 18:59:59.121382,32.08,16.491839,96.41914,True
41b6610a-5178-48b2-ad15-27260c8150b8,R181,strike,2,2026-04-10 17:59:59.121382,2026-04-11 08:59:59.121382,9.28,11.213431,85.357416,True
bf6e9ae4-7655-45b3-a55b-52761733a3ae,R059,mechanical,4,2025-12-28 05:59:59.121382,2025-12-29 11:59:59.121382,27.32,34.921208,87.603486,True
99c6bb72-5dad-4fdb-ad32-0b8ee1434559,R113,road_closure,3,2025-12-20 04:59:59.121382,2025-12-21 19:59:59.121382,16.35,32.548916,94.648869,True
ac186876-4e45-41d2-bbeb-94a7862fe65a,R141,mechanical,5,2025-12-16 19:59:59.121382,2025-12-18 17:59:59.121382,34.53,29.12623,90.516976,True
f02f1215-7d9f-4cae-ac6d-99cdae0c0f9f,R086,mechanical,3,2026-01-22 05:59:59.121382,2026-01-23 10:59:59.121382,35.84,29.110468,71.130368,True
16e800b7-d7e3-4993-ac0f-7adaed07cd0c,R180,congestion,2,2026-01-16 12:59:59.121382,2026-01-17 11:59:59.121382,29.4,32.380388,89.251245,True
76057f6b-031f-405a-91fe-1038d53cda46,R189,weather,3,2025-12-24 08:59:59.121382,2025-12-25 07:59:59.121382,33.63,27.977674,93.326365,True
1a784ff5-4c71-43bc-a003-759bcc645156,R128,road_closure,2,2025-11-28 19:59:59.121382,2025-11-28 20:59:59.121382,17.51,29.50965,93.562073,True
54d67ff4-e95c-4264-9c38-60c505d06e5d,R064,accident,2,2026-04-11 06:59:59.121382,2026-04-13 04:59:59.121382,20.99,25.863578,73.452717,True
e0b18be9-3233-45f6-8899-f3aba3c478c7,R013,weather,4,2025-11-08 05:59:59.121382,2025-11-10 15:59:59.121382,14.11,9.024029,89.62628,True
61cb2c59-e52e-4efb-926e-1dab9a08999e,R162,road_closure,1,2026-04-01 16:59:59.121382,2026-04-02 08:59:59.121382,44.45,12.317753,76.862522,True
3c676062-cd63-411c-a5ee-22c76c609447,R101,accident,4,2025-12-31 23:59:59.121382,2026-01-01 19:59:59.121382,11.2,30.631594,74.299064,True
37c30e5d-f7b0-47c4-a3fc-26a1188342bb,R054,road_closure,2,2026-03-14 13:59:59.121382,2026-03-14 17:59:59.121382,23.1,13.258259,79.242534,True
674ae0c0-9f44-46a6-a578-56dbbb942d9a,R071,strike,5,2026-04-08 00:59:59.121382,2026-04-10 10:59:59.121382,32.16,24.283053,84.259143,True
8b00ed03-2618-4515-b4fd-3f98f333a379,R162,mechanical,2,2025-11-25 08:59:59.121382,2025-11-27 09:59:59.121382,36.29,26.458229,72.320992,True
51714ea2-68ce-4d77-96af-16e7e9374269,R076,mechanical,2,2025-12-25 23:59:59.121382,2025-12-28 15:59:59.121382,10.51,23.088601,78.830415,True
2c87bafb-8d61-4d00-9b66-6e6db9bfa6ca,R113,weather,2,2026-02-17 07:59:59.121382,2026-02-19 06:59:59.121382,33.92,36.952078,95.060287,True
f4cd5dde-fb4a-4d32-aaa5-ade1584272a5,R145,mechanical,4,2025-11-24 11:59:59.121382,2025-11-26 10:59:59.121382,42.79,11.43175,79.887242,True
dd3f5141-1557-4c22-ae4d-e82af53bc4be,R075,weather,2,2025-11-28 22:59:59.121382,2025-12-01 11:59:59.121382,36.51,36.409755,72.793529,True
a48eaf6e-afc2-4aa1-8609-4572f5efccf6,R094,mechanical,5,2026-01-30 14:59:59.121382,2026-02-01 17:59:59.121382,24.33,35.279698,75.519606,True
72bf1087-45d0-4b23-8e1b-8056c5bdf4c7,R069,road_closure,5,2026-03-03 06:59:59.121382,2026-03-05 22:59:59.121382,8.63,22.006097,71.870919,True
f5775957-f3fa-4b3b-b794-027b2666512c,R039,accident,3,2025-12-13 03:59:59.121382,2025-12-15 12:59:59.121382,15.14,8.203847,69.661127,True
71b981d3-c085-45bd-bdf4-b2e8ea3620bd,R108,strike,1,2026-03-21 07:59:59.121382,2026-03-22 07:59:59.121382,17.72,21.689753,68.388676,True
fe564efc-387c-4d6c-8e85-d044131b4b36,R106,mechanical,4,2025-12-08 00:59:59.121382,2025-12-10 07:59:59.121382,17.24,34.281383,75.23684,True
dffefeaa-2f1c-4b9e-a71b-6d48be428586,R182,accident,1,2026-02-10 15:59:59.121382,2026-02-12 12:59:59.121382,32.89,32.739599,69.348517,True
d39b32b3-b7d8-4f9e-b856-7bbb6dc2f8eb,R107,weather,5,2025-10-26 02:59:59.121382,2025-10-26 09:59:59.121382,37.96,10.506314,74.866745,True
61081229-cf27-4fb5-baa1-ec62caa1ecdf,R148,road_closure,2,2025-11-18 15:59:59.121382,2025-11-19 05:59:59.121382,16.54,29.193808,96.457616,True
f197bcd1-dd96-4997-be92-d8cf3f75eba4,R131,accident,5,2026-03-03 08:59:59.121382,2026-03-03 20:59:59.121382,11.81,18.135685,71.308778,True
e12ce68c-f4f9-46b9-8ed5-c9005a23c59d,R196,accident,1,2026-02-09 05:59:59.121382,2026-02-10 14:59:59.121382,43.71,23.178336,71.328297,True
8f0e2d74-3fb8-4184-849c-ebefaa6da467,R186,congestion,1,2025-11-05 05:59:59.121382,2025-11-07 06:59:59.121382,25.62,23.762608,70.370035,True
2605168d-8d48-4502-8a5f-66c9beee1a8d,R065,accident,5,2026-04-17 01:59:59.121382,2026-04-17 23:59:59.121382,25.8,32.649286,87.401648,True
63898aad-2d62-44d0-b210-47ffccb3e7a4,R112,congestion,5,2025-11-05 05:59:59.121382,2025-11-06 21:59:59.121382,49.01,11.246142,78.323228,True
b84e6eba-7c49-422a-b64c-ba1e1b50489e,R063,weather,5,2026-04-01 23:59:59.121382,2026-04-02 14:59:59.121382,44.58,13.941557,93.457072,True
ab93c472-0205-4e2a-8966-bc565a6749e5,R092,mechanical,3,2025-12-17 18:59:59.121382,2025-12-19 10:59:59.121382,6.22,36.5647,90.388362,True
1165350d-8698-41ff-96d9-28b32231e9e6,R153,mechanical,3,2026-03-09 02:59:59.121382,2026-03-10 20:59:59.121382,34.56,22.436563,71.058737,True
738c8555-d274-4522-af55-5681c9aefc7d,R089,congestion,2,2025-11-01 08:59:59.121382,2025-11-04 05:59:59.121382,28.55,35.969823,73.909227,True
459ed90e-4d5b-40a0-90bd-a6e1bf9bd6bd,R152,strike,4,2026-03-11 23:59:59.121382,2026-03-14 06:59:59.121382,45.36,26.637565,73.679384,True
0b771614-72ec-48f6-a4e9-c2e1ff2a6aac,R042,strike,4,2026-04-10 01:59:59.121382,2026-04-10 08:59:59.121382,45.37,25.790721,78.529921,True
4078a177-b2a1-45e2-99ae-29def7f1d434,R107,mechanical,1,2025-12-13 04:59:59.121382,2025-12-13 12:59:59.121382,11.84,33.925702,86.974484,True
ec0ab383-46d3-4615-a7d6-5aed5d611fe0,R004,mechanical,3,2026-03-20 18:59:59.121382,2026-03-21 06:59:59.121382,49.48,29.45218,77.270338,True
0bf27936-e836-4f60-8220-9a4c84a5c6ec,R109,road_closure,5,2025-11-14 14:59:59.121382,2025-11-16 00:59:59.121382,24.24,12.812692,93.575905,True
23c18501-fff9-4c5b-9dae-8bc65dba5280,R128,congestion,5,2026-03-28 00:59:59.121382,2026-03-30 20:59:59.121382,8.57,28.861255,93.817484,True
f542541a-8b71-4b3a-8588-a7638b61d841,R133,congestion,5,2026-04-12 07:59:59.121382,2026-04-14 09:59:59.121382,49.46,11.211705,90.02789,True
d54e39db-14cf-4952-9c2b-ab3ef2012ebb,R194,strike,4,2025-12-11 15:59:59.121382,2025-12-12 21:59:59.121382,42.17,13.039086,88.648407,True
4fdc62cc-d209-4499-b2d1-ed833eaf9ecd,R190,weather,5,2025-11-09 07:59:59.121382,2025-11-10 17:59:59.121382,38.7,18.090301,81.060178,True
47792289-3dda-4ec2-804c-4895d53f4a05,R185,mechanical,1,2026-02-11 15:59:59.121382,2026-02-12 02:59:59.121382,6.4,32.468382,75.365271,True
4e908713-72df-4322-894c-3e3ee4d50f15,R125,accident,2,2025-11-04 03:59:59.121382,2025-11-05 07:59:59.121382,34.49,27.768415,72.846828,True
beb7cf5a-b501-426c-8bfd-7d0ab55bd738,R001,congestion,4,2025-11-19 12:59:59.121382,2025-11-21 02:59:59.121382,39.34,18.450957,69.986657,True
d5eb44fb-a3b9-4e5c-b426-1181dabec23f,R181,mechanical,4,2025-11-30 23:59:59.121382,2025-12-01 16:59:59.121382,34.92,30.215879,90.864973,True
2fbf8957-18d3-4279-8942-8a77af097351,R115,weather,3,2025-11-22 01:59:59.121382,2025-11-23 23:59:59.121382,29.6,21.35039,93.072345,True
14c4e6a4-9e63-44f4-b674-ca797b48610a,R035,congestion,3,2026-01-27 10:59:59.121382,2026-01-28 11:59:59.121382,48.48,20.221877,68.788075,True
33ebac8d-77fe-4c70-aec0-b1ed259cbacb,R150,weather,3,2026-01-01 08:59:59.121382,2026-01-01 11:59:59.121382,5.81,29.864895,91.342297,True
3ece78b3-d8c2-4eb8-a461-d6b817c2712f,R071,mechanical,1,2025-12-18 04:59:59.121382,2025-12-18 23:59:59.121382,36.67,33.309861,71.264831,True
dec6cc1a-ac04-4beb-a1f5-9825e76b7409,R061,strike,1,2026-03-22 18:59:59.121382,2026-03-25 10:59:59.121382,42.1,24.447953,76.231025,True
3654eeb0-6582-49d1-b06b-3c06e36e1be7,R053,congestion,1,2026-02-02 18:59:59.121382,2026-02-05 14:59:59.121382,44.48,9.870247,93.439944,True
bbe68999-b974-4904-ab6a-6b25f86e5f22,R125,mechanical,1,2025-12-22 04:59:59.121382,2025-12-22 20:59:59.121382,6.56,14.945795,91.04277,True
27488261-ca61-48f3-a094-085e8a5b81d6,R035,congestion,2,2025-11-23 22:59:59.121382,2025-11-25 22:59:59.121382,10.17,32.109832,85.370377,True
830d5dd0-5179-4b31-aa9e-01a363c95d36,R189,weather,4,2026-03-17 10:59:59.121382,2026-03-20 03:59:59.121382,8.7,8.729117,88.139063,True
9b824f4c-08a7-47f0-9dbf-fd0fbba6c40b,R182,strike,1,2025-11-25 07:59:59.121382,2025-11-26 05:59:59.121382,31.63,25.605598,86.307919,True
6284a063-f367-4cad-bb7f-18021a110c98,R157,congestion,4,2026-02-25 20:59:59.121382,2026-02-27 00:59:59.121382,48.68,14.791349,90.81576,True
196f5e75-445c-422c-a5f2-3612fb2fc317,R194,accident,3,2026-01-07 02:59:59.121382,2026-01-08 16:59:59.121382,21.28,10.057034,75.377356,True
c46ce253-e3f2-46f3-9c06-20152b438a1c,R012,mechanical,2,2026-03-25 19:59:59.121382,2026-03-28 12:59:59.121382,33.01,21.063494,81.716169,True
e4cd71f0-ce31-439d-933c-507105ca72ec,R142,congestion,5,2026-01-27 03:59:59.121382,2026-01-29 04:59:59.121382,5.34,22.980606,68.159668,True
aa377e84-d628-4484-954b-8a1cb4181b15,R190,congestion,4,2025-12-19 02:59:59.121382,2025-12-20 17:59:59.121382,28.07,31.274985,84.589411,True
68ea6980-7f90-44a6-9ee7-2fb645182757,R107,mechanical,1,2026-04-12 03:59:59.121382,2026-04-13 16:59:59.121382,28.92,16.252307,91.727993,True
c22b34a6-fc47-41d7-b27d-52825df3fd68,R059,weather,5,2026-04-10 13:59:59.121382,2026-04-11 08:59:59.121382,12.43,21.067314,94.953374,True
74ccb1b3-d321-4134-9a54-b2c8dcfb2850,R168,strike,3,2026-02-04 19:59:59.121382,2026-02-07 08:59:59.121382,18.92,28.706947,85.629251,True
a3c8055e-81bd-446e-9839-987a2cbb33d7,R045,accident,4,2026-04-13 13:59:59.121382,2026-04-14 19:59:59.121382,32.17,15.470609,69.726216,True
266a4c26-c9b3-4d1d-9c1d-c3a91b3f7b81,R082,accident,2,2026-02-13 02:59:59.121382,2026-02-14 14:59:59.121382,23.85,18.702538,71.509725,True
46d56e06-fb50-4432-a786-4a8f558ecf8e,R084,weather,1,2026-02-04 08:59:59.121382,2026-02-04 23:59:59.121382,34.07,29.745672,79.967584,True
2a1b1052-9503-4fad-8c4c-8a99bbc9a9a0,R194,congestion,3,2026-04-11 13:59:59.121382,2026-04-13 16:59:59.121382,44.32,34.485321,85.764631,True
30bef732-a069-496e-adae-f4516e96cd25,R084,mechanical,3,2025-12-26 01:59:59.121382,2025-12-27 15:59:59.121382,41.9,32.041514,96.746634,True
6386e94a-b2bc-49a5-bc61-4985a6d8237f,R169,mechanical,4,2025-11-09 16:59:59.121382,2025-11-12 09:59:59.121382,45.96,10.447379,79.581694,True
c2a0681b-4ddf-46af-81d9-e9d3715cf6e4,R062,weather,1,2026-03-29 03:59:59.121382,2026-03-30 17:59:59.121382,24.35,32.522527,88.082292,True
0fe4b17d-c73e-445d-aff4-224a05eb31df,R099,road_closure,1,2025-12-20 15:59:59.121382,2025-12-21 23:59:59.121382,46.25,31.850249,92.869308,True
1ad6092a-da4b-4164-8258-60007a1e5af5,R063,congestion,2,2026-02-23 05:59:59.121382,2026-02-24 14:59:59.121382,12.45,23.248565,82.83876,True
c7ac04b0-27cd-4d95-ab07-683977dc2e0f,R007,strike,5,2026-02-25 02:59:59.121382,2026-02-27 19:59:59.121382,28.28,35.452689,77.853296,True
13913a92-5e7d-43b4-bd98-da96c0282945,R146,strike,3,2025-11-01 12:59:59.121382,2025-11-01 23:59:59.121382,32.26,17.025307,87.636499,True
52bf042b-2e34-40e3-8eef-f1fec931e3ae,R162,strike,4,2026-02-15 23:59:59.121382,2026-02-18 01:59:59.121382,27.75,22.082101,68.798565,True
aafa2ac7-aba6-4881-8831-494e7ab90f8d,R075,road_closure,4,2025-11-18 13:59:59.121382,2025-11-21 05:59:59.121382,19.09,20.010357,79.467594,True
39121e5b-6139-4d39-b62f-fd138440dd80,R125,road_closure,2,2025-12-20 22:59:59.121382,2025-12-22 16:59:59.121382,24.99,18.869303,81.746186,True
a662d534-3c34-4ae5-987e-b2c5d350278b,R018,strike,1,2025-12-29 14:59:59.121382,2026-01-01 01:59:59.121382,22.35,35.872929,79.294975,True
4e5b2984-756a-4b59-a3a7-4876da1e78d7,R022,strike,5,2025-11-07 18:59:59.121382,2025-11-09 19:59:59.121382,16.11,23.435468,72.881772,True
6a482598-eec0-4219-a434-474fe6a65bcc,R087,congestion,3,2026-03-11 01:59:59.121382,2026-03-12 09:59:59.121382,27.84,28.561398,73.137957,True
8f091716-49df-4d9a-8b34-2f4619c438a9,R127,strike,5,2026-03-08 16:59:59.121382,2026-03-11 12:59:59.121382,11.26,18.071034,84.83356,True
ea0161ab-e142-46de-84c3-797343f879b6,R141,accident,3,2025-10-24 10:59:59.121382,2025-10-25 10:59:59.121382,22.78,25.999154,73.838051,True
f5568685-d962-4de4-a310-358a01263339,R028,road_closure,1,2026-01-10 23:59:59.121382,2026-01-11 18:59:59.121382,31.96,11.838799,85.197421,True
417738d3-47ed-4744-ad5c-e181ac37e3da,R054,road_closure,4,2025-11-23 05:59:59.121382,2025-11-23 16:59:59.121382,35.63,23.930352,69.674491,True
85cf1980-7a3b-41c9-8aa2-84552419c7b7,R169,mechanical,2,2026-04-09 21:59:59.121382,2026-04-10 14:59:59.121382,9.22,35.524252,82.87417,True
cb683e80-3092-427a-bfec-9892965840bd,R052,mechanical,2,2026-01-09 16:59:59.121382,2026-01-11 01:59:59.121382,32.26,24.318639,80.795488,True
89de3a3e-771c-4f43-b7af-9f6138e2b961,R192,weather,3,2025-10-24 06:59:59.121382,2025-10-26 09:59:59.121382,41.3,25.461393,85.150796,True
c6d7a77f-c7b6-4bd1-8f1f-076334217f07,R163,weather,4,2025-10-30 10:59:59.121382,2025-10-31 05:59:59.121382,6.39,17.045073,75.425379,True
0f3389fc-9a46-4d5a-aae5-bc0abe292430,R175,mechanical,5,2026-03-21 04:59:59.121382,2026-03-22 02:59:59.121382,36.16,27.943939,88.958502,True
819be1fc-9ef2-4218-bc73-146b6a8e95c5,R042,mechanical,5,2025-11-03 03:59:59.121382,2025-11-04 14:59:59.121382,5.4,14.110444,95.765993,True
be0f76c0-4ff5-41a2-ad59-aa853bbd613f,R019,accident,2,2025-12-29 19:59:59.121382,2026-01-01 18:59:59.121382,20.38,8.067209,69.280696,True
0e52f369-e69e-4bba-a25c-8594d714655f,R037,weather,5,2025-12-01 19:59:59.121382,2025-12-02 03:59:59.121382,39.48,30.298761,87.097675,True
e4cf4895-5cc8-4d8c-ab6c-ca6a22f95d9f,R164,congestion,2,2026-01-07 04:59:59.121382,2026-01-07 13:59:59.121382,35.93,28.971335,76.129699,True
029930be-b275-4f49-83a9-8a7ac72cde5b,R102,congestion,3,2026-02-09 00:59:59.121382,2026-02-09 14:59:59.121382,8.25,31.438821,95.482953,True
24ffc82a-f029-4736-82e2-a1e78a671c9c,R061,congestion,3,2026-01-09 11:59:59.121382,2026-01-12 05:59:59.121382,40.75,10.229,82.518104,True
cb666c4b-3043-491c-b2b8-b221ee9cd3fa,R144,mechanical,4,2026-02-15 01:59:59.121382,2026-02-15 14:59:59.121382,43.85,27.338778,74.122262,True
92794f07-ab9b-4920-a1cc-6464cd45a8d9,R195,mechanical,3,2025-12-24 20:59:59.121382,2025-12-27 01:59:59.121382,14.87,32.424692,83.920433,True
7e8f9d71-d38b-4bbf-9c31-c21ba656de8f,R013,road_closure,3,2026-02-27 08:59:59.121382,2026-03-01 17:59:59.121382,37.39,30.028731,73.447443,True
4a9eb281-0de0-450e-b5da-ca580aa60292,R032,mechanical,2,2026-04-11 23:59:59.121382,2026-04-14 05:59:59.121382,15.89,10.081498,87.795899,True
266323c2-1d30-4b92-b1d1-29ff470ea076,R156,mechanical,4,2026-02-27 03:59:59.121382,2026-02-28 01:59:59.121382,46.26,24.335379,71.478657,True
62169708-a402-42a1-9050-bd03f117ee6b,R008,accident,4,2025-12-23 13:59:59.121382,2025-12-24 23:59:59.121382,7.44,11.881023,86.257173,True
04f172f2-6b3e-457e-b110-1f1b65aaa7b9,R049,weather,1,2026-01-18 09:59:59.121382,2026-01-19 23:59:59.121382,26.01,33.976075,84.914729,True
12a076a4-d1d5-4265-bd69-d04d435804b4,R134,road_closure,4,2025-12-21 16:59:59.121382,2025-12-24 09:59:59.121382,43.99,11.767968,84.384546,True
1d25133e-f75f-4fe1-9758-52013f370028,R196,strike,2,2025-11-29 08:59:59.121382,2025-11-29 21:59:59.121382,47.13,20.249151,78.942096,True
04270c50-56d1-4fb1-834c-81afed1b22de,R179,road_closure,1,2025-11-16 02:59:59.121382,2025-11-18 14:59:59.121382,5.2,26.348644,88.411856,True
66f9b088-60f6-4132-b924-be9b5bc790eb,R023,road_closure,5,2026-04-08 22:59:59.121382,2026-04-10 07:59:59.121382,35.42,16.074743,71.758419,True
6364302c-8374-4e5a-9852-1a94aa4af24e,R025,mechanical,1,2026-03-31 07:59:59.121382,2026-03-31 19:59:59.121382,27.44,36.984521,71.039434,True
8b5df300-3522-454d-8053-3f48947e0c35,R103,strike,1,2026-01-12 12:59:59.121382,2026-01-13 06:59:59.121382,5.13,26.3983,90.352638,True
7db0b7d4-0fdf-4f95-8da6-a2b13b2b41b5,R199,weather,5,2025-12-01 23:59:59.121382,2025-12-03 06:59:59.121382,44.14,28.869961,78.763687,True
c8ecd777-b0d3-4239-9d6b-058c45733038,R054,mechanical,1,2026-01-11 14:59:59.121382,2026-01-13 11:59:59.121382,46.89,9.042222,79.447296,True
56a1275c-d7e5-471c-b37f-9c200ab59ff3,R036,accident,3,2026-03-24 21:59:59.121382,2026-03-26 17:59:59.121382,13.96,19.458796,88.683,True
8544bb69-4549-4ad2-8b17-33058449d470,R100,road_closure,4,2026-04-08 10:59:59.121382,2026-04-10 16:59:59.121382,42.6,22.959995,75.760188,True
852c60eb-d500-4af4-abd6-d02ee146678a,R046,road_closure,5,2026-01-09 03:59:59.121382,2026-01-09 05:59:59.121382,23.61,8.560501,71.606684,True
04a73c2a-f803-46c8-aef3-35f6c526633e,R153,congestion,1,2026-04-09 05:59:59.121382,2026-04-10 05:59:59.121382,6.87,29.020838,93.451764,True
17eba804-639a-43e4-859e-c3378a005aa6,R090,mechanical,1,2026-01-27 04:59:59.121382,2026-01-28 08:59:59.121382,10.92,15.750326,74.374355,True
df581f2d-4501-46a9-a2ad-e58972c3220a,R027,mechanical,5,2025-11-02 12:59:59.121382,2025-11-03 22:59:59.121382,19.94,13.270437,80.629721,True
f3bee1b2-0dd9-4325-a4f5-0580c7055927,R153,weather,2,2026-04-14 07:59:59.121382,2026-04-16 16:59:59.121382,18.49,18.78044,68.039255,True
d6d04d83-0462-4014-be83-4186965fab3d,R135,strike,3,2025-11-12 16:59:59.121382,2025-11-13 00:59:59.121382,25.61,30.712754,90.630908,True
b1fd290f-8c62-4b87-a75a-be0229349e39,R059,strike,3,2025-11-15 18:59:59.121382,2025-11-16 23:59:59.121382,38.63,15.151505,82.038235,True
b8d88b84-2768-4a8a-a100-3e2878c4093f,R172,accident,4,2026-01-21 19:59:59.121382,2026-01-22 04:59:59.121382,34.29,14.935605,83.391383,True
1cf18913-ce6a-4938-8bd4-aadeb43e68d6,R075,strike,1,2026-04-04 15:59:59.121382,2026-04-07 14:59:59.121382,40.16,12.083286,86.049996,True
d72a53cd-0975-41fa-8536-97700f6a1476,R045,congestion,3,2026-01-07 23:59:59.121382,2026-01-09 03:59:59.121382,47.63,26.641749,91.485945,True
2c8a86a6-2676-47f8-83ac-45189593e572,R102,mechanical,4,2026-02-23 12:59:59.121382,2026-02-24 19:59:59.121382,11.63,28.523919,69.803894,True
22762b83-fd74-4df9-bce3-e7bdd9ca02aa,R005,strike,4,2026-01-06 16:59:59.121382,2026-01-08 22:59:59.121382,39.25,20.053623,76.755584,True
263fdd05-5776-4129-9c3e-d3a627e258d7,R061,accident,5,2026-03-06 22:59:59.121382,2026-03-07 04:59:59.121382,25.68,15.966411,91.401999,True
31bc6f3a-b696-4fce-b892-499b654ff445,R046,road_closure,3,2026-04-15 19:59:59.121382,2026-04-17 15:59:59.121382,11.16,34.032566,87.55612,True
a2601e29-f6c7-4137-a4b8-be5374a333f7,R075,road_closure,2,2026-04-10 15:59:59.121382,2026-04-13 13:59:59.121382,27.42,11.157906,86.459621,True
70ccac52-edd4-4521-9ee3-4fe1541ccbe9,R184,congestion,2,2026-02-04 16:59:59.121382,2026-02-05 10:59:59.121382,33.01,25.213267,70.119365,True
9544f6c4-7845-4116-82a9-5c6ba40eb4dd,R154,mechanical,4,2026-01-03 08:59:59.121382,2026-01-04 13:59:59.121382,48.21,34.329065,95.367346,True
d24ee7d7-34bf-44e6-9f90-529134b52649,R080,accident,2,2026-04-13 14:59:59.121382,2026-04-13 22:59:59.121382,15.44,30.419582,76.989998,True
54daf2c7-a4b3-429f-b080-287069a401c3,R171,weather,3,2026-01-27 03:59:59.121382,2026-01-28 23:59:59.121382,21.07,8.35099,68.262116,True
b3ffda52-ef1a-4156-8f89-0b1fb1a61c89,R156,accident,3,2025-11-02 19:59:59.121382,2025-11-05 13:59:59.121382,16.42,22.925825,91.439988,True
418fc854-2008-4174-9c3d-442db768b893,R155,weather,5,2026-01-03 14:59:59.121382,2026-01-05 11:59:59.121382,22.9,11.436576,76.377663,True
d0c27fa0-97e2-4dfc-aeb1-a5c8bfd4247e,R155,accident,3,2025-12-13 20:59:59.121382,2025-12-16 15:59:59.121382,46.33,19.381287,89.873684,True
720c468e-cc2e-47c2-bee5-e912b7fd9417,R113,congestion,2,2026-04-04 09:59:59.121382,2026-04-06 06:59:59.121382,21.14,15.27904,84.358147,True
0adaf92f-93a2-4908-a094-e28705142e67,R068,weather,2,2026-04-20 14:59:59.121382,2026-04-21 10:59:59.121382,14.94,10.952307,82.672779,False
55f80330-05be-4504-9270-c47f4feb172c,R105,road_closure,2,2025-11-27 05:59:59.121382,2025-11-28 22:59:59.121382,24.65,35.563316,84.867046,True
b36206a0-82ba-4f16-b3cf-263bad08994a,R179,road_closure,3,2026-02-04 08:59:59.121382,2026-02-05 03:59:59.121382,45.67,12.170616,80.472983,True
da44dcac-951b-47b5-9a35-8761229306b0,R154,road_closure,5,2025-12-10 04:59:59.121382,2025-12-10 19:59:59.121382,16.49,23.790667,73.929366,True
4f919246-c775-4be6-a7dd-f127e44a6c20,R112,congestion,4,2026-02-12 12:59:59.121382,2026-02-14 01:59:59.121382,42.2,21.340069,70.756538,True
161ff2fb-370c-40d2-99ed-518a8df946e7,R191,road_closure,4,2026-03-28 03:59:59.121382,2026-03-28 07:59:59.121382,29.26,12.396257,93.400609,True
ddecff5c-f94f-4380-9919-67200298bb2e,R116,road_closure,5,2026-01-16 06:59:59.121382,2026-01-18 20:59:59.121382,7.76,23.428629,85.122502,True
2dfe98d6-2805-4dbc-9b4a-ca75d6b13afe,R070,road_closure,1,2025-12-04 19:59:59.121382,2025-12-05 02:59:59.121382,24.69,13.903773,68.292628,True
a010cc8e-ee21-496a-bbef-ea48563f1d3e,R128,congestion,4,2026-02-04 21:59:59.121382,2026-02-06 09:59:59.121382,24.02,29.514993,92.604336,True
63f88e0b-9980-458e-ad5d-7fa35c88cb97,R050,mechanical,5,2026-03-27 11:59:59.121382,2026-03-28 14:59:59.121382,20.16,15.871719,71.635338,True
b55ccac1-193b-4440-a4ff-0fcbd3891bfc,R047,mechanical,4,2026-03-13 11:59:59.121382,2026-03-14 09:59:59.121382,34.75,19.402661,85.128497,True
da1d62d4-b34c-4937-83cb-00fd8060f0c6,R059,accident,2,2026-03-21 01:59:59.121382,2026-03-21 10:59:59.121382,26.68,15.796556,86.224587,True
cca437d3-4e57-4f61-bab2-1089bf31d7cc,R017,strike,4,2025-12-31 06:59:59.121382,2026-01-02 23:59:59.121382,48.76,28.546201,72.990588,True
b6db2ea1-5ed7-4a77-bde9-f4df2e427763,R127,accident,3,2026-04-20 12:59:59.121382,2026-04-21 11:59:59.121382,20.51,11.628632,92.663677,False
2a5a5bdb-cbc3-45ef-a486-943f8b0a0835,R162,congestion,1,2026-02-07 14:59:59.121382,2026-02-10 12:59:59.121382,43.54,17.732703,96.377239,True
368805e3-aa64-41dd-a4de-e854d98be408,R063,weather,4,2025-12-30 12:59:59.121382,2026-01-01 19:59:59.121382,26.71,23.929983,77.047537,True
aa8d84bc-a8e2-475f-ae0b-7e5dea12f803,R100,strike,2,2025-12-29 08:59:59.121382,2025-12-31 03:59:59.121382,36.67,32.330923,68.331122,True
4b8bba5c-95c3-45fd-86a8-36a1d3f9989a,R014,accident,5,2025-12-10 03:59:59.121382,2025-12-12 14:59:59.121382,29.04,22.531549,88.479602,True
c7312b26-c275-4db0-9a00-fe26bd5d6f88,R168,congestion,5,2026-03-25 11:59:59.121382,2026-03-25 17:59:59.121382,37.15,11.436278,95.883887,True
07b797b7-5b2d-4844-9ba8-da4a739beec2,R147,strike,3,2026-03-09 17:59:59.121382,2026-03-10 13:59:59.121382,19.24,27.63742,86.125846,True
dfe6ba37-66ca-44eb-b5e3-f4b1c31ed514,R022,congestion,1,2026-02-08 20:59:59.121382,2026-02-11 04:59:59.121382,49.19,35.123616,92.669728,True
ce1d494a-632e-4088-8e45-ed0d9604af52,R179,accident,4,2026-02-09 02:59:59.121382,2026-02-09 14:59:59.121382,20.88,16.341349,76.896521,True
3a39359e-214a-457c-9538-1462e8556605,R145,mechanical,1,2026-04-16 13:59:59.121382,2026-04-19 10:59:59.121382,17.86,9.982243,90.729035,True
029361f4-cf70-4246-8055-98b606a8718b,R112,weather,3,2025-12-20 01:59:59.121382,2025-12-22 00:59:59.121382,40.32,19.06179,96.479437,True
744bf5fb-230b-4a0a-9b6e-d81649b1af1b,R135,mechanical,3,2025-12-14 05:59:59.121382,2025-12-15 01:59:59.121382,24.44,16.057731,76.013254,True
3b1002ac-0211-4cbe-8944-af79ee90df46,R057,accident,5,2026-04-05 01:59:59.121382,2026-04-05 07:59:59.121382,30.0,23.885756,96.389768,True
b099b8c5-2ea9-463e-be7a-5cbf66560a23,R082,accident,4,2025-11-03 10:59:59.121382,2025-11-05 11:59:59.121382,14.24,19.530759,75.664012,True
86120085-86a9-4c57-905e-8d25773d0a09,R089,congestion,2,2025-12-18 03:59:59.121382,2025-12-19 17:59:59.121382,8.46,36.087583,85.505479,True
369c475d-3077-438a-88cb-3c0cf4ace669,R157,mechanical,4,2026-03-11 05:59:59.121382,2026-03-12 01:59:59.121382,34.18,25.372293,86.085815,True
0a63452b-49c1-406f-abfe-8bff8adf4467,R158,road_closure,2,2025-11-23 00:59:59.121382,2025-11-23 06:59:59.121382,36.8,15.275898,87.604762,True
3c18d934-e63b-4850-a3a5-8f5a96f38695,R048,mechanical,1,2026-01-12 01:59:59.121382,2026-01-13 06:59:59.121382,25.21,13.048369,71.394915,True
29d4028f-f0cc-4024-942a-2e890fad937c,R053,congestion,3,2026-03-04 06:59:59.121382,2026-03-05 04:59:59.121382,7.27,26.130938,78.833089,True
3d2c3d7f-451f-4c0d-815a-fd34f0c4126b,R193,weather,5,2026-02-12 20:59:59.121382,2026-02-14 21:59:59.121382,14.92,23.717712,95.249894,True
05627766-e8cf-4380-898b-118bb2a01687,R073,road_closure,2,2025-11-12 21:59:59.121382,2025-11-14 21:59:59.121382,38.43,27.284841,82.443171,True
6109d489-34d0-43cd-9cab-73985538e4db,R178,congestion,4,2026-01-26 12:59:59.121382,2026-01-27 03:59:59.121382,24.73,31.700317,82.869065,True
2fdaf0c5-7251-4d92-b22e-1f46a6468a42,R147,strike,1,2026-03-09 18:59:59.121382,2026-03-11 12:59:59.121382,34.43,28.325161,73.916715,True
87474b96-0d26-4b6d-ab8a-21a3dcd07d63,R151,strike,1,2026-01-01 22:59:59.121382,2026-01-03 17:59:59.121382,25.65,15.179233,69.813263,True
751f10d7-821d-4a08-b492-cd3d224ce86d,R195,mechanical,2,2025-11-11 16:59:59.121382,2025-11-12 08:59:59.121382,42.73,10.353326,95.593231,True
93593080-49c3-4f6b-acd2-bb0b95683e0e,R038,congestion,4,2026-02-17 14:59:59.121382,2026-02-19 12:59:59.121382,16.4,19.525997,82.89472,True
ed30c272-7e04-4b28-bfac-b1855108aee4,R091,mechanical,3,2026-02-07 21:59:59.121382,2026-02-09 12:59:59.121382,45.29,15.796752,78.685019,True
1af864e8-c520-45bd-bdf3-9a13dbe1dcf4,R137,accident,3,2026-01-27 01:59:59.121382,2026-01-29 14:59:59.121382,42.51,33.337965,86.500674,True
81d28af8-fa64-48bf-9d0f-7b63ecdc8859,R168,strike,2,2026-01-04 22:59:59.121382,2026-01-05 16:59:59.121382,24.98,31.917554,76.47911,True
08bed57e-47c0-4761-8d8d-0907e2f74f97,R185,road_closure,4,2025-12-07 16:59:59.121382,2025-12-09 22:59:59.121382,17.65,8.821027,74.090851,True
741a7f2f-3c15-4f66-b07f-fc43275972f7,R003,mechanical,2,2025-12-22 02:59:59.121382,2025-12-23 16:59:59.121382,40.39,11.244538,82.976307,True
d064e574-5b62-4386-b265-8095fb4ff674,R092,road_closure,2,2026-01-02 12:59:59.121382,2026-01-03 23:59:59.121382,46.61,31.369491,68.230968,True
5d35fd91-0887-475c-b880-e82e3a232e98,R027,accident,1,2026-03-31 07:59:59.121382,2026-04-01 08:59:59.121382,41.42,32.015388,74.265743,True
dfe866d8-97fe-4c0f-b934-b0a929c688db,R133,strike,2,2025-10-26 17:59:59.121382,2025-10-29 03:59:59.121382,9.62,35.292504,93.413264,True
3417e0ec-0e25-46e3-87ff-75be4ad52fbe,R137,mechanical,3,2026-01-03 00:59:59.121382,2026-01-04 15:59:59.121382,35.46,13.622029,92.905686,True
7c5837c5-6eba-4a48-975c-234247e65fd1,R076,congestion,1,2025-12-15 05:59:59.121382,2025-12-16 10:59:59.121382,37.49,21.316488,79.921715,True
3578e1e2-1ca6-43a3-8114-855a3ae04664,R116,road_closure,1,2026-01-07 06:59:59.121382,2026-01-10 00:59:59.121382,18.36,23.424783,90.893534,True
ee2bb7af-6ba9-49d3-84a1-967c07f23323,R033,mechanical,1,2025-12-16 16:59:59.121382,2025-12-18 00:59:59.121382,20.94,33.834811,75.004568,True
493e7954-5e29-4fb4-9344-7f07bf19a53c,R115,strike,2,2026-03-24 16:59:59.121382,2026-03-26 07:59:59.121382,15.54,9.674233,79.339953,True
de7614dd-98f6-4160-bb8f-ea0e7429a8a6,R143,mechanical,4,2025-11-20 19:59:59.121382,2025-11-21 04:59:59.121382,29.34,20.057478,80.439386,True
a17b534a-0304-4ba3-9127-ccbb2697b728,R074,accident,1,2025-11-15 09:59:59.121382,2025-11-15 22:59:59.121382,28.96,33.245282,86.311149,True
15ca7fc8-24ff-476f-833d-7d359b8bf159,R048,weather,5,2026-02-16 20:59:59.121382,2026-02-17 22:59:59.121382,39.42,22.856258,71.314287,True
2da5eab7-74d4-456e-8e21-176808a09c85,R195,accident,1,2026-01-08 06:59:59.121382,2026-01-10 23:59:59.121382,8.11,8.525597,90.989985,True
34d799a2-b248-4126-9f8e-11cdd8cf0939,R131,road_closure,5,2025-11-12 11:59:59.121382,2025-11-13 12:59:59.121382,38.87,29.208179,88.220987,True
725d0148-86c9-4049-bd4b-1d7ff957a282,R093,weather,1,2026-01-03 08:59:59.121382,2026-01-06 07:59:59.121382,43.47,21.087529,73.319824,True
965a481a-9fb1-44a2-9a9e-fa6016a538a6,R173,congestion,3,2025-10-29 19:59:59.121382,2025-10-30 13:59:59.121382,8.01,34.151447,73.90071,True
09231fe8-b2e5-4587-92fa-187a34673f53,R022,mechanical,4,2026-01-07 23:59:59.121382,2026-01-10 08:59:59.121382,28.1,36.469513,81.063879,True
07d78c27-7cb4-441c-a7a1-461deca741d1,R079,strike,5,2025-12-19 17:59:59.121382,2025-12-22 12:59:59.121382,21.76,14.383228,78.165095,True
39bbd7e1-4fa7-4189-8d95-207a5b583ca5,R059,mechanical,4,2026-02-20 07:59:59.121382,2026-02-21 13:59:59.121382,26.78,14.312355,87.188844,True
baa80a38-c80a-4250-bf29-e14d6059f7f3,R092,strike,2,2026-02-19 03:59:59.121382,2026-02-21 03:59:59.121382,31.27,9.927436,90.228936,True
6d98c3f3-b4cb-42d7-8204-b190609f4a7f,R101,road_closure,2,2026-01-12 22:59:59.121382,2026-01-15 14:59:59.121382,34.81,28.68384,79.211985,True
bd8ab970-7abf-4392-be7b-a457ae39e8dc,R127,strike,5,2025-11-27 11:59:59.121382,2025-11-27 14:59:59.121382,43.37,20.56173,90.454778,True
bd69702b-7384-4b81-8e91-8f7e947999d4,R062,accident,4,2025-11-02 14:59:59.121382,2025-11-03 01:59:59.121382,19.12,15.857338,73.865371,True
ead13068-f133-4302-acaa-257f8b997c75,R040,road_closure,3,2025-12-12 15:59:59.121382,2025-12-13 01:59:59.121382,8.46,22.70473,73.449691,True
da943fb8-5855-45fd-b35e-0592e1f01e98,R002,accident,4,2025-12-27 04:59:59.121382,2025-12-27 22:59:59.121382,29.72,35.796437,80.501519,True
57236de7-496e-4163-9bc6-34bd5cd3903f,R195,mechanical,3,2026-02-20 02:59:59.121382,2026-02-21 23:59:59.121382,17.53,31.951614,81.430327,True
8a839a9e-eead-41a0-8dda-3e305bab2f71,R155,strike,2,2025-12-10 04:59:59.121382,2025-12-13 02:59:59.121382,38.65,30.814542,90.436214,True
c98b48ea-5bc8-42d1-855a-ecf7e6dcb663,R161,strike,1,2025-11-07 05:59:59.121382,2025-11-10 03:59:59.121382,42.09,20.041988,93.765459,True
6d960461-0a76-4de0-86ae-ff5b3fe13703,R060,mechanical,2,2025-10-27 21:59:59.121382,2025-10-30 05:59:59.121382,38.13,13.830889,82.91183,True
8fc406de-a439-4ce7-8b9c-c2c729dd7620,R199,road_closure,2,2026-04-19 19:59:59.121382,2026-04-22 01:59:59.121382,42.2,28.498298,96.050644,False
09552017-d67f-440c-90e6-c7cceaad7b89,R140,congestion,5,2026-03-21 17:59:59.121382,2026-03-24 12:59:59.121382,6.82,36.931221,75.003398,True
2a6176b2-42a7-4679-8af9-a4fb604a5b86,R013,weather,3,2025-11-23 08:59:59.121382,2025-11-25 14:59:59.121382,34.45,24.41924,77.070562,True
f230e3ed-bb12-45db-ae99-8eb9519c2fde,R035,mechanical,2,2025-10-26 23:59:59.121382,2025-10-28 07:59:59.121382,5.24,11.846693,82.837436,True
f9c37816-5a3f-4fcd-bd88-5743ceff6456,R003,road_closure,5,2025-12-17 17:59:59.121382,2025-12-18 18:59:59.121382,37.99,10.010522,86.511345,True
f9fb5494-0b79-48c0-a0bf-5aef8273f8e0,R194,accident,5,2025-11-01 07:59:59.121382,2025-11-03 07:59:59.121382,46.81,25.308704,94.917281,True
1d277706-6b5b-491a-88c9-f3bb6953ca9b,R183,strike,5,2026-02-21 22:59:59.121382,2026-02-24 01:59:59.121382,43.75,20.848722,82.330282,True
2f2ca435-d059-4597-aa58-1a04266c3ff5,R170,strike,1,2026-04-07 16:59:59.121382,2026-04-09 00:59:59.121382,35.49,21.188166,87.568803,True
e2d03237-217e-46b0-87c8-5c8ae6e5ebb2,R120,congestion,5,2025-10-31 22:59:59.121382,2025-11-02 15:59:59.121382,8.14,26.683445,96.253182,True
819a48c7-bb3b-4cef-a13e-36138052e860,R150,congestion,1,2026-02-16 20:59:59.121382,2026-02-17 00:59:59.121382,6.91,20.000996,73.92083,True
dea07985-37d0-42a9-b713-eb2d32201c76,R175,weather,5,2025-10-29 13:59:59.121382,2025-10-31 15:59:59.121382,32.44,8.555201,90.593975,True
4f5a8720-6dea-4317-886e-81633b8105e7,R043,strike,4,2025-11-07 00:59:59.121382,2025-11-08 04:59:59.121382,11.92,22.166373,79.654729,True
5cd58683-5ca0-497a-b35b-c4ff53e1fa3f,R037,weather,2,2026-03-16 05:59:59.121382,2026-03-17 07:59:59.121382,31.73,29.476377,70.752345,True
bc3bd281-92cf-40bf-8687-a7dfe16897a0,R148,road_closure,2,2025-11-14 10:59:59.121382,2025-11-16 17:59:59.121382,14.51,33.60453,87.112317,True
f834f3cf-a7b7-452d-a95f-edad5a466e2c,R045,congestion,3,2026-01-23 18:59:59.121382,2026-01-25 05:59:59.121382,36.1,13.816036,74.270583,True
7fdfeeb7-32e1-4329-808a-0f6b2b9471b8,R119,weather,5,2026-01-01 07:59:59.121382,2026-01-03 12:59:59.121382,43.36,36.284951,91.692243,True
d65701b7-a967-4050-b923-1be731f22858,R094,road_closure,3,2026-04-11 01:59:59.121382,2026-04-13 03:59:59.121382,26.37,20.070324,72.875426,True
65d3cc9d-62bd-4286-8f47-a1c2bb648565,R050,mechanical,2,2025-11-12 07:59:59.121382,2025-11-12 22:59:59.121382,39.17,12.270991,96.219227,True
628d94fd-2b30-4845-b278-afb21fb0c551,R040,strike,3,2026-01-01 19:59:59.121382,2026-01-04 03:59:59.121382,20.99,11.76069,75.437429,True
225836cd-1faa-470c-8c04-3864bb8f09fb,R125,road_closure,4,2026-01-10 05:59:59.121382,2026-01-10 09:59:59.121382,43.91,12.260736,77.936709,True
a344401a-e778-4fe1-87a6-23803e1e0e01,R127,mechanical,2,2026-03-21 04:59:59.121382,2026-03-21 15:59:59.121382,11.17,24.338843,91.310342,True
642c0518-2b6f-404c-9316-b92a99608c70,R010,mechanical,3,2025-10-31 11:59:59.121382,2025-11-02 23:59:59.121382,25.68,22.147195,70.385897,True
f521d37f-4d33-4603-ae28-c84142dd1709,R057,accident,5,2026-04-12 05:59:59.121382,2026-04-12 18:59:59.121382,49.63,18.064809,83.869888,True
1851ecf8-53f4-4582-b9d3-6fc6f9c655f6,R145,accident,5,2026-01-30 18:59:59.121382,2026-02-01 10:59:59.121382,27.02,18.772551,73.659829,True
805e1fb2-48b7-4ac0-bd55-14651c82e310,R191,strike,4,2026-03-14 08:59:59.121382,2026-03-16 20:59:59.121382,23.31,18.48071,92.934046,True
922e87bc-918d-4d34-a5b7-5304e490cc32,R183,strike,3,2026-01-22 19:59:59.121382,2026-01-23 08:59:59.121382,27.96,33.806628,91.717833,True
c423b888-d6cd-42da-b1ca-e9bbab4b4472,R077,weather,4,2026-01-21 13:59:59.121382,2026-01-23 19:59:59.121382,21.75,14.664975,84.027206,True
8864710f-be4f-405d-8d9c-b2cd18cf15e6,R160,congestion,4,2026-02-28 00:59:59.121382,2026-03-01 04:59:59.121382,45.64,22.232185,79.790147,True
d2e9e593-0808-4db7-946b-dc84af646726,R096,road_closure,1,2026-04-15 13:59:59.121382,2026-04-16 21:59:59.121382,8.92,31.134236,78.654331,True
0de93870-d4dc-4796-b47b-78e25726913f,R177,congestion,5,2026-02-11 07:59:59.121382,2026-02-13 00:59:59.121382,28.49,15.326735,83.082148,True
49e55493-adf7-450e-99a5-0d6a5369f320,R127,mechanical,4,2026-04-08 14:59:59.121382,2026-04-10 08:59:59.121382,38.76,30.98525,86.192539,True
341aed6d-c833-410f-93bd-4471509f3423,R182,strike,1,2025-12-13 12:59:59.121382,2025-12-14 05:59:59.121382,47.68,16.524524,74.875457,True
9fc2c5bc-875f-44bf-bc8e-766cd8256938,R023,mechanical,3,2025-12-31 14:59:59.121382,2026-01-02 05:59:59.121382,36.61,8.186621,90.402972,True
b7126cd8-c400-4adf-824c-16edbba66d79,R119,accident,2,2025-11-27 20:59:59.121382,2025-11-28 09:59:59.121382,42.24,30.314018,79.538105,True
531c9bf5-0676-4500-aa7d-0ec2c04afcab,R013,congestion,5,2026-01-17 06:59:59.121382,2026-01-19 13:59:59.121382,35.15,26.751413,74.575494,True
1c6e902f-4234-431d-af59-b0deeaf012d6,R180,accident,4,2026-02-27 04:59:59.121382,2026-03-01 08:59:59.121382,46.78,16.075651,92.736478,True
47205537-4d45-4871-832b-e03d5db674b4,R111,weather,4,2026-02-06 01:59:59.121382,2026-02-06 10:59:59.121382,39.8,17.744205,81.504794,True
314c582d-857f-4f65-8a5f-5c0e361ec646,R185,congestion,4,2026-02-15 16:59:59.121382,2026-02-17 10:59:59.121382,10.65,19.370714,89.77232,True
e2945593-27fa-4cb9-aa39-85634cab43ec,R017,weather,2,2026-01-26 19:59:59.121382,2026-01-27 18:59:59.121382,19.31,34.8933,78.610688,True
e415c0f7-aa2b-429e-a854-acb7bfa4c107,R192,congestion,1,2025-10-27 00:59:59.121382,2025-10-27 11:59:59.121382,18.22,16.482976,77.633962,True
68a0c868-23df-4d74-baa9-e2b0b6423c51,R104,congestion,4,2026-04-04 21:59:59.121382,2026-04-05 16:59:59.121382,32.88,13.576987,76.573982,True
ff1a3e40-678b-4b54-a66f-0bae045a5350,R037,congestion,4,2026-02-12 05:59:59.121382,2026-02-14 06:59:59.121382,5.46,16.166865,95.937449,True
599eb9a1-524b-40e0-a9c5-65896c69ca73,R032,weather,1,2026-01-29 00:59:59.121382,2026-01-31 08:59:59.121382,20.45,20.841146,75.570407,True
e8ec0802-12e5-4c7f-82c4-6e1307c5f940,R040,weather,4,2025-12-28 23:59:59.121382,2025-12-30 13:59:59.121382,12.33,9.792445,70.678455,True
c0a20380-11ca-48fc-a0ff-9983d899893f,R076,mechanical,5,2026-03-28 01:59:59.121382,2026-03-30 20:59:59.121382,34.79,15.1531,81.657847,True
cb7ad8ff-cb9f-4f21-b31b-cc101193c780,R026,strike,2,2026-02-13 03:59:59.121382,2026-02-13 08:59:59.121382,40.29,11.329111,95.304454,True
7209913d-810e-43a4-98bf-6c225e76b22c,R163,strike,1,2026-03-08 12:59:59.121382,2026-03-09 22:59:59.121382,39.09,32.827842,78.346293,True
4a773588-a201-4c45-b865-d22106f83f2c,R132,weather,1,2026-02-15 00:59:59.121382,2026-02-15 21:59:59.121382,10.4,20.468771,92.097526,True
c34b8e5a-2b8f-46db-8e3f-ac303e1441e6,R190,road_closure,1,2025-12-26 21:59:59.121382,2025-12-27 12:59:59.121382,38.02,35.54709,71.975594,True
799c1f37-6dc5-4c4f-a1f2-075c92733e3b,R025,road_closure,1,2025-12-20 22:59:59.121382,2025-12-23 20:59:59.121382,37.99,34.169978,77.974773,True
9edf821c-b4a2-441c-8fcd-96609bbeafe4,R196,congestion,2,2025-11-24 00:59:59.121382,2025-11-24 23:59:59.121382,30.23,28.291007,79.914856,True
34dd1f6a-57d3-417e-83cf-188e04721cda,R180,weather,3,2026-02-19 22:59:59.121382,2026-02-22 03:59:59.121382,49.13,21.455469,71.442564,True
3b7cd4f6-45da-48a4-b429-8065b0d47efb,R093,road_closure,1,2026-02-21 11:59:59.121382,2026-02-21 13:59:59.121382,34.64,29.427134,68.94086,True
01fdeaa8-bb93-4c96-ba82-47dd5a519b3e,R108,strike,2,2025-12-19 19:59:59.121382,2025-12-22 10:59:59.121382,24.06,24.276415,75.141081,True
94d5dd54-890d-4853-b825-ef50f8d788a2,R094,weather,2,2025-11-10 04:59:59.121382,2025-11-11 11:59:59.121382,25.61,9.530192,88.068326,True
984e8c5d-2fad-41ca-a7b8-f05107bb171f,R040,road_closure,1,2026-02-15 17:59:59.121382,2026-02-17 23:59:59.121382,8.44,34.034563,89.610205,True
3d3bb82c-8117-4fc5-9bc5-22580f979570,R099,road_closure,1,2026-04-04 05:59:59.121382,2026-04-04 18:59:59.121382,26.7,10.455962,81.534101,True
b7eb6703-3446-4d53-9c09-b336f01f305c,R006,congestion,5,2025-11-29 05:59:59.121382,2025-11-30 08:59:59.121382,14.19,30.663664,75.996965,True
36d18730-1a3f-4d6a-9ce1-ab68b5d97c5f,R060,mechanical,5,2026-02-22 10:59:59.121382,2026-02-23 09:59:59.121382,26.4,23.415592,68.947113,True
f25721b6-b645-44b3-abdd-1a627808ffb1,R020,mechanical,3,2025-11-26 23:59:59.121382,2025-11-27 16:59:59.121382,15.08,34.914953,92.501007,True
5792e23f-2219-414a-8fad-d0a861f30374,R044,congestion,3,2025-11-09 10:59:59.121382,2025-11-10 21:59:59.121382,23.14,18.28532,83.969238,True
309ca247-58a6-46ab-a226-893aff2ac8dd,R176,strike,5,2025-12-17 10:59:59.121382,2025-12-20 09:59:59.121382,20.97,15.404755,71.070355,True
5ec6fa7d-67a0-4389-8d63-d89ee8e32e12,R141,mechanical,2,2025-12-14 13:59:59.121382,2025-12-16 02:59:59.121382,13.18,10.033136,79.46252,True
2b9f5e69-5338-4e8b-81d3-ef9161e9f771,R187,strike,4,2025-10-30 14:59:59.121382,2025-11-02 08:59:59.121382,27.61,24.154175,74.710038,True
e427c5b3-938a-43c1-8a84-44268d708ae8,R171,weather,5,2026-04-13 20:59:59.121382,2026-04-16 05:59:59.121382,19.17,16.285288,70.649849,True
81f5ff5f-cd90-4e32-ab44-76110d36c0d3,R114,road_closure,5,2025-11-06 01:59:59.121382,2025-11-07 20:59:59.121382,5.36,33.914243,87.083595,True
39a6f708-d188-4fc7-9987-6d20e978f615,R184,accident,5,2026-01-03 23:59:59.121382,2026-01-04 22:59:59.121382,16.23,22.513842,80.579346,True
b4d48de3-c746-44ca-80a8-65d5db59fc70,R122,weather,5,2026-04-15 11:59:59.121382,2026-04-18 02:59:59.121382,49.03,15.88796,68.184992,True
3379b550-0a58-45fa-8e81-e4c712ace612,R132,strike,1,2026-03-11 08:59:59.121382,2026-03-11 13:59:59.121382,24.83,32.858558,91.792378,True
851c176a-607e-4198-af3f-10a95718d819,R193,strike,3,2026-04-18 18:59:59.121382,2026-04-21 06:59:59.121382,24.39,13.542831,81.329874,False
74ffa514-c3f7-40a4-8d13-33516854e792,R073,accident,3,2025-12-17 12:59:59.121382,2025-12-20 09:59:59.121382,23.77,16.909276,83.847298,True
32af8440-54b4-42ac-a162-4310d7a7f5a3,R156,accident,5,2025-12-30 12:59:59.121382,2025-12-31 13:59:59.121382,36.07,31.119121,89.002744,True
d5fcea0f-59d7-44f9-9426-1420e0a49342,R094,weather,1,2026-02-03 00:59:59.121382,2026-02-05 00:59:59.121382,6.07,12.727554,74.780572,True
ab3773c0-ab8d-44b2-81e9-ac85ebc98e24,R149,mechanical,5,2025-12-07 04:59:59.121382,2025-12-09 20:59:59.121382,6.62,16.116887,76.053854,True
2d4b0e24-0f2f-41e6-bc46-1150dee85a1a,R054,congestion,3,2026-04-05 10:59:59.121382,2026-04-06 04:59:59.121382,47.6,32.880698,89.203563,True
cda8e818-dffd-4bb5-ac55-d6c79ffc9f25,R185,strike,3,2025-10-28 12:59:59.121382,2025-10-30 12:59:59.121382,30.48,28.233773,78.55927,True
f38a03cc-3c3d-4c2b-9f96-b0d491630c32,R130,accident,3,2025-11-17 12:59:59.121382,2025-11-17 19:59:59.121382,13.75,11.826994,82.882309,True
e9d29f61-7ab6-4d00-98e9-ac9c932201ff,R124,strike,5,2026-03-09 10:59:59.121382,2026-03-12 01:59:59.121382,41.78,14.505238,74.556293,True
c8f9e019-e66b-42e6-9b7b-d9231a8fd0bc,R069,accident,4,2026-03-24 05:59:59.121382,2026-03-26 04:59:59.121382,14.5,33.249965,70.422223,True
deae0b7d-a750-4313-bc02-8a28b58d766c,R071,road_closure,4,2025-12-18 22:59:59.121382,2025-12-20 03:59:59.121382,28.85,17.697634,79.442597,True
a3c8f20b-9eeb-4bd1-aca6-e7ea2941b9ad,R019,road_closure,2,2026-03-31 22:59:59.121382,2026-04-02 01:59:59.121382,38.03,34.413277,83.87503,True
217fea1c-34dc-40b6-93e1-348714ebdab8,R063,strike,2,2025-11-22 11:59:59.121382,2025-11-23 05:59:59.121382,22.64,9.643733,69.005508,True
c6e926a1-1ce2-4ae4-9464-6183a0f347b6,R034,road_closure,3,2026-02-18 05:59:59.121382,2026-02-19 03:59:59.121382,10.5,17.782018,77.045445,True
f6a62a2a-6441-4ec8-9b19-ed69a2acc5dc,R147,mechanical,4,2026-02-01 07:59:59.121382,2026-02-01 16:59:59.121382,7.04,23.821882,71.062155,True
70ed18aa-14fb-4d45-8392-0e9b2df38e55,R087,mechanical,3,2025-11-07 05:59:59.121382,2025-11-09 15:59:59.121382,6.35,9.013238,96.702936,True
8f50a3e1-1ca2-485e-bc9d-45fd46d08ca7,R137,accident,4,2025-11-25 17:59:59.121382,2025-11-27 00:59:59.121382,43.97,27.123266,84.756404,True
8c601f44-ef6c-444c-bd01-03bd8f7d8d09,R083,road_closure,2,2025-12-26 17:59:59.121382,2025-12-26 19:59:59.121382,27.53,25.94439,87.295591,True
ad48b51a-e30f-44db-9b0f-a70e1c178538,R016,mechanical,5,2025-11-13 16:59:59.121382,2025-11-13 17:59:59.121382,32.14,11.746059,70.886849,True
589769e4-d302-4d69-aab5-a43fdb08229b,R111,accident,4,2026-01-16 10:59:59.121382,2026-01-19 03:59:59.121382,40.62,26.910699,90.646661,True
bf25355a-6aeb-4fc1-b3bd-56d529370b34,R106,strike,4,2026-04-02 16:59:59.121382,2026-04-04 08:59:59.121382,11.08,10.704872,95.950872,True
331d9ba1-5620-41b5-aec1-83af3db06971,R195,accident,3,2025-12-29 05:59:59.121382,2025-12-31 23:59:59.121382,5.06,30.209042,68.156743,True
9a053b5f-68a7-4720-b521-1a5a6105e416,R084,mechanical,4,2026-03-27 17:59:59.121382,2026-03-30 05:59:59.121382,34.75,35.348795,77.390768,True
cbb1c0d3-37a2-4fba-8f3d-2cb3b44d875f,R118,accident,5,2026-03-30 07:59:59.121382,2026-03-31 10:59:59.121382,26.53,29.290387,77.898241,True
f3a2fdc7-d975-4afc-82f4-059faed8bf86,R066,strike,1,2026-02-04 18:59:59.121382,2026-02-05 04:59:59.121382,6.25,10.366363,75.499156,True
38894a38-89ff-44a1-bca1-0087b786d7b9,R060,accident,1,2025-10-24 23:59:59.121382,2025-10-25 23:59:59.121382,41.25,22.285371,86.36894,True
4d3f39e6-1b5c-49e1-a87a-887948928579,R194,road_closure,4,2026-01-10 07:59:59.121382,2026-01-11 07:59:59.121382,42.79,18.519854,83.854194,True
fe2ec96c-2fd3-4094-98f1-7137d9c54f79,R142,accident,2,2026-02-04 05:59:59.121382,2026-02-07 03:59:59.121382,28.65,28.726846,76.507249,True
7da3cf8b-bd11-4c59-aa0f-0f2d4fd7fc7a,R080,road_closure,4,2026-01-16 02:59:59.121382,2026-01-17 23:59:59.121382,18.31,27.709362,95.431815,True
43d1bc02-29a2-4c0d-a9fd-0ff2e8f7087d,R109,congestion,3,2025-11-23 19:59:59.121382,2025-11-26 17:59:59.121382,42.68,27.85416,94.17846,True
439d05bd-52c5-4ad8-8892-88527b240e70,R061,mechanical,4,2025-11-27 18:59:59.121382,2025-11-30 00:59:59.121382,9.65,34.633529,86.843853,True
d3649fc1-0805-4381-b721-0a2b882efbd4,R116,congestion,3,2026-01-14 06:59:59.121382,2026-01-15 13:59:59.121382,11.67,17.359071,84.076344,True
eb7d1fe2-f531-4732-9b22-48f1bd1a9aa6,R190,road_closure,3,2026-03-17 22:59:59.121382,2026-03-19 03:59:59.121382,22.1,10.466635,83.917311,True
fbd9f9dd-f6b1-45c5-b8d0-a2ed33d424b9,R173,road_closure,4,2026-01-22 19:59:59.121382,2026-01-22 20:59:59.121382,12.96,17.132635,70.8027,True
28c36ef1-de88-4dc1-845d-663fa0d74556,R054,congestion,5,2026-02-26 11:59:59.121382,2026-02-27 07:59:59.121382,19.71,24.898719,91.561741,True
e3a7fe81-d503-4861-85d4-1f0a9a3a2053,R111,weather,1,2025-11-15 07:59:59.121382,2025-11-18 05:59:59.121382,21.41,25.17674,88.144959,True
1e195d4f-01aa-4e11-ae0c-660b5e5926ab,R188,congestion,5,2026-01-03 15:59:59.121382,2026-01-04 11:59:59.121382,27.5,29.850691,93.312923,True
64541043-e221-452a-973a-fbd345fb3fff,R102,congestion,5,2025-11-01 14:59:59.121382,2025-11-02 03:59:59.121382,24.94,8.745,76.2517,True
7cd3376f-b773-487d-9e0a-8819db432ac4,R181,road_closure,3,2026-03-10 11:59:59.121382,2026-03-11 13:59:59.121382,39.72,16.644194,76.05751,True
4321429b-fea7-4b3d-aa3f-9ea8fc14e979,R184,congestion,3,2026-04-09 12:59:59.121382,2026-04-11 19:59:59.121382,41.9,14.778483,86.49545,True
24578c3d-9982-4a6f-bab9-94b60fd05b1e,R038,accident,3,2026-04-02 21:59:59.121382,2026-04-04 19:59:59.121382,11.93,25.359258,86.93554,True
70c804c7-6373-4303-a845-492bd78a98b9,R099,congestion,4,2025-12-24 12:59:59.121382,2025-12-24 19:59:59.121382,13.55,26.588,81.519266,True
211a2aa4-f9b0-4e20-9a4f-53425ab3b9aa,R154,mechanical,4,2025-11-01 08:59:59.121382,2025-11-02 21:59:59.121382,7.56,8.607089,77.157421,True
8fc9eaac-ee30-4ee6-a0d9-37abc3a4fac2,R089,road_closure,1,2025-12-26 05:59:59.121382,2025-12-26 09:59:59.121382,25.44,19.48218,89.93136,True
f04968fb-07c6-44fc-9c2a-ad0be5d6bd45,R011,strike,1,2025-10-30 04:59:59.121382,2025-10-31 08:59:59.121382,41.71,24.812204,78.023125,True
c8707f1e-c2bb-4470-8df2-8a594e9307ef,R029,congestion,1,2025-11-08 13:59:59.121382,2025-11-10 00:59:59.121382,25.33,27.084964,96.934732,True
56100037-5a2f-45ea-89f6-a8a1917cb764,R158,strike,5,2025-10-30 12:59:59.121382,2025-11-01 15:59:59.121382,32.74,8.005409,85.805404,True
b80b0bae-8868-46a1-9a94-b98258d6ebf0,R166,weather,2,2026-04-14 05:59:59.121382,2026-04-15 22:59:59.121382,28.64,13.235029,75.611647,True
d5aeb5d9-c85d-4ad6-83ec-5f81cc072372,R050,mechanical,3,2026-03-01 02:59:59.121382,2026-03-01 03:59:59.121382,6.71,12.713602,87.593018,True
caab4fd4-fd24-41f8-89cf-95de30f9401c,R132,congestion,2,2026-04-18 02:59:59.121382,2026-04-21 01:59:59.121382,30.96,25.261662,93.285479,True
68979831-4079-4cb6-b7fc-04900b4498c0,R152,congestion,4,2025-10-25 07:59:59.121382,2025-10-27 02:59:59.121382,22.83,24.409666,94.332538,True
468b1a95-4c50-4e26-a691-4d4bf75b79b1,R157,congestion,3,2026-03-21 23:59:59.121382,2026-03-23 12:59:59.121382,38.98,10.337847,95.247489,True
39dcb50a-1fec-4113-bb1b-e302afdf2a78,R039,weather,4,2026-03-22 05:59:59.121382,2026-03-24 23:59:59.121382,40.26,26.272701,92.030934,True
b7454c2e-6f5d-46a6-bd56-31e4346b68ab,R181,road_closure,1,2025-12-15 04:59:59.121382,2025-12-15 10:59:59.121382,23.24,28.939916,69.16828,True
b3045fc7-52c8-4375-afc8-ec9c42f57677,R101,accident,5,2026-03-22 17:59:59.121382,2026-03-24 02:59:59.121382,32.81,12.325084,90.791833,True
551323e4-154b-4d0f-8b2a-74a42894c4ef,R167,weather,5,2026-02-04 04:59:59.121382,2026-02-05 09:59:59.121382,24.79,16.129708,71.83321,True
aed42a07-0f60-4be4-b829-49d635020557,R180,road_closure,4,2026-04-04 00:59:59.121382,2026-04-04 07:59:59.121382,14.73,34.169695,79.113246,True
ef6e864a-cce8-4271-ae3a-2c44aca1f7c8,R161,strike,3,2026-01-16 16:59:59.121382,2026-01-19 12:59:59.121382,27.66,13.782936,75.669683,True
c7a0ea26-dc24-4ee7-afea-ba604f152dff,R022,accident,4,2025-12-15 21:59:59.121382,2025-12-17 15:59:59.121382,23.64,30.747759,85.358327,True
c8c33337-7f8f-41e0-af8f-8ee7665bcb21,R144,mechanical,4,2025-10-24 04:59:59.121382,2025-10-26 05:59:59.121382,7.68,24.576622,73.360314,True
914eb398-307d-4f4f-8e0b-168341bfca0c,R197,accident,5,2026-02-06 20:59:59.121382,2026-02-07 11:59:59.121382,11.43,26.134569,68.35789,True
ad29aa42-6a36-4af8-af7a-b875d5da5a09,R010,strike,5,2026-03-17 21:59:59.121382,2026-03-18 09:59:59.121382,26.75,19.53601,82.839516,True
213cd793-3a01-4d31-bb29-fba0c478acdf,R136,accident,4,2025-10-28 23:59:59.121382,2025-10-31 02:59:59.121382,30.82,9.799201,70.063515,True
4cb45526-c7c3-4f45-9ad7-efd3eaf3f280,R077,congestion,1,2026-02-20 13:59:59.121382,2026-02-23 12:59:59.121382,13.34,10.842223,69.27791,True
be18e952-9a24-4738-a367-d485d52213cd,R152,weather,5,2025-11-01 02:59:59.121382,2025-11-01 12:59:59.121382,18.35,35.433156,92.422796,True
0e8a71b2-f998-4276-93d7-04d8e3d86ec7,R050,strike,1,2025-11-18 13:59:59.121382,2025-11-20 06:59:59.121382,36.08,12.816171,69.714069,True
6f2e332f-5060-43c0-bbf6-54d905133c9c,R197,congestion,1,2026-04-03 14:59:59.121382,2026-04-05 09:59:59.121382,5.19,24.087222,70.225984,True
49f91c2a-8891-4d85-a030-42e913ba7bbc,R185,strike,3,2026-02-24 12:59:59.121382,2026-02-24 21:59:59.121382,20.09,20.047847,68.696146,True
91464917-3d7f-43b4-bb74-da905d5f1d12,R046,weather,2,2026-02-13 19:59:59.121382,2026-02-14 01:59:59.121382,22.69,29.131032,77.145549,True
bbfe63df-f188-4ad4-8aab-44b6e2720748,R013,road_closure,1,2025-11-24 05:59:59.121382,2025-11-26 23:59:59.121382,19.94,25.043214,71.25857,True
eaa68003-6269-4b5e-b864-1e4b8a339ebf,R076,road_closure,2,2025-12-31 04:59:59.121382,2025-12-31 23:59:59.121382,44.34,36.782924,74.979445,True
08377b15-584e-4d1d-9a19-839df19e149c,R118,road_closure,4,2026-03-01 16:59:59.121382,2026-03-02 15:59:59.121382,41.47,8.483599,73.648431,True
491338eb-451b-4eb1-a21e-95d357225c65,R092,strike,3,2026-03-19 08:59:59.121382,2026-03-20 12:59:59.121382,7.68,31.320801,93.126272,True
3a17dd30-f94a-475f-a948-a68eb6ec6f1a,R154,congestion,2,2025-12-16 00:59:59.121382,2025-12-17 16:59:59.121382,28.38,23.909064,79.679445,True
48886e8c-6b6b-41e7-8c15-ecc0d54630a0,R054,mechanical,4,2025-11-09 14:59:59.121382,2025-11-11 12:59:59.121382,30.73,8.321278,89.17503,True
fbaace94-c74f-46dc-8047-b64783b16900,R026,road_closure,1,2026-02-15 21:59:59.121382,2026-02-16 20:59:59.121382,36.53,16.782067,89.195509,True
926f0b74-f3d3-47bf-bd1c-5c070a11caaa,R096,mechanical,5,2025-11-26 04:59:59.121382,2025-11-27 01:59:59.121382,30.66,21.680455,84.050682,True
3608c97e-24fe-4abf-a578-9dbd9b29dbce,R088,congestion,3,2025-11-02 20:59:59.121382,2025-11-04 22:59:59.121382,19.88,9.256143,88.280845,True
ad4305d2-d448-4b8c-9d3b-91f698ac8fb7,R109,weather,5,2026-01-21 19:59:59.121382,2026-01-23 16:59:59.121382,16.76,22.157153,71.862282,True
ec98071a-533f-42fb-9b51-dc270755898b,R117,strike,1,2026-03-24 18:59:59.121382,2026-03-27 12:59:59.121382,27.33,16.357351,68.187466,True
26fb1a69-21c6-491f-873c-37f83de46909,R038,mechanical,5,2026-02-05 13:59:59.121382,2026-02-08 07:59:59.121382,26.22,35.302753,73.057869,True
66609e1f-17a9-40f3-98a1-02c0c2e7e56a,R152,congestion,2,2025-12-26 03:59:59.121382,2025-12-27 14:59:59.121382,6.02,34.000665,73.692535,True
79caaba3-693c-4795-ab45-719d16c459f3,R126,congestion,2,2026-01-22 11:59:59.121382,2026-01-23 06:59:59.121382,18.31,31.443452,85.737746,True
e6018ce5-6171-4c0f-b62f-09a082d1e511,R073,weather,2,2025-11-26 02:59:59.121382,2025-11-27 12:59:59.121382,22.31,13.253984,90.930042,True
d8f98fa4-b158-41a8-8145-2142390ae75e,R089,road_closure,5,2025-12-08 06:59:59.121382,2025-12-11 04:59:59.121382,8.95,25.847203,70.365673,True
87164f47-4132-496b-a73a-0630f7dc5515,R010,mechanical,1,2026-04-03 03:59:59.121382,2026-04-03 18:59:59.121382,18.9,19.236088,93.040917,True
7366e50f-0820-44e6-affb-257ca91787e3,R154,strike,1,2026-04-05 12:59:59.121382,2026-04-07 16:59:59.121382,41.35,28.503444,87.21447,True
c0255aee-55f8-4fb4-9d80-e7e432601e28,R111,accident,5,2026-04-08 23:59:59.121382,2026-04-10 17:59:59.121382,10.98,29.341621,74.043588,True
e13a89c5-95bd-4d8e-ab25-4af9157abb2f,R067,mechanical,1,2025-12-25 16:59:59.121382,2025-12-27 10:59:59.121382,35.37,32.914241,82.50169,True
4dbfce95-3873-416e-b9c3-ecf84d104126,R074,strike,1,2026-02-28 20:59:59.121382,2026-02-28 22:59:59.121382,32.92,27.733904,95.019241,True
9dd09ddd-e871-4ad7-8c10-881bce26872e,R064,road_closure,5,2025-10-24 22:59:59.121382,2025-10-26 05:59:59.121382,10.88,36.00353,79.413105,True
10ecf88c-8a95-4f3f-acad-c9f1e6178f23,R130,weather,5,2025-12-20 20:59:59.121382,2025-12-23 18:59:59.121382,14.3,18.641881,72.269585,True
0d1bdec9-5b93-413c-b5f8-e9e82858bd2e,R084,road_closure,3,2026-02-21 08:59:59.121382,2026-02-23 22:59:59.121382,21.66,30.718229,94.368328,True
9937dbc9-2a95-4f7b-a1fa-9fcf83d60398,R183,congestion,1,2026-01-09 23:59:59.121382,2026-01-10 06:59:59.121382,45.65,8.741524,90.851134,True
3c705ccc-b56f-4d9c-8977-c6b67d1c43c5,R179,accident,4,2026-01-31 07:59:59.121382,2026-02-02 01:59:59.121382,44.21,23.831782,94.859951,True
48de4cf9-f174-4022-9eb7-802c065db3d4,R010,accident,4,2025-11-19 21:59:59.121382,2025-11-20 21:59:59.121382,19.77,10.827723,92.746547,True
56f1df9b-e3db-43f2-b5d3-ce428b670cdc,R183,weather,3,2026-03-26 08:59:59.121382,2026-03-27 12:59:59.121382,11.18,31.269485,92.981123,True
d03e3f7f-4cb4-42cc-a2fe-156482e87c74,R090,road_closure,3,2026-02-08 08:59:59.121382,2026-02-09 04:59:59.121382,41.15,16.393786,90.713248,True
bcd0b77e-b142-400a-ac3d-177d64c03b46,R109,weather,5,2026-02-24 05:59:59.121382,2026-02-27 01:59:59.121382,18.82,26.124413,86.512167,True
fb7f1e3e-95fa-46c3-a5c8-33554559462a,R007,congestion,1,2025-10-31 04:59:59.121382,2025-11-01 21:59:59.121382,33.62,31.796012,87.622694,True
45ffb9a0-78ae-47a7-9b92-6cd0f7eb4705,R063,strike,5,2025-12-15 10:59:59.121382,2025-12-17 10:59:59.121382,36.92,32.032561,92.057319,True
fd340e0e-b671-435c-a000-bcd4b39ae152,R190,congestion,4,2026-04-07 11:59:59.121382,2026-04-10 00:59:59.121382,37.64,18.526502,93.499107,True
8ab0720b-18bb-4371-9809-877555077713,R151,accident,2,2026-02-01 12:59:59.121382,2026-02-04 10:59:59.121382,15.49,18.144086,93.012399,True
4214f58a-3297-4dba-ae0c-43bc2dd2d29d,R079,congestion,5,2026-01-07 01:59:59.121382,2026-01-09 14:59:59.121382,29.49,12.038368,68.310744,True
9871bc11-2aab-4321-bdf5-7b8076153d0f,R001,accident,4,2026-02-03 01:59:59.121382,2026-02-06 00:59:59.121382,27.85,33.517524,82.660103,True
c2b893d1-3214-4b55-955e-f2ba687bac6b,R038,mechanical,3,2026-02-27 01:59:59.121382,2026-03-01 09:59:59.121382,23.48,23.371811,81.571433,True
5971308a-4dd5-457e-995d-4e0ed288e4c6,R022,congestion,5,2026-04-05 09:59:59.121382,2026-04-07 04:59:59.121382,38.85,21.28283,75.442769,True
f31b6cce-d4d6-4d07-a2da-172218a708fb,R085,accident,1,2026-02-11 22:59:59.121382,2026-02-12 18:59:59.121382,30.68,8.047669,78.916034,True
ce34b9bf-be47-4015-a04b-78d2232f0e19,R197,accident,1,2026-02-14 18:59:59.121382,2026-02-17 10:59:59.121382,38.88,16.160396,91.844615,True
cc8c29b5-c5da-4fde-8134-e0249409b0c1,R110,weather,2,2026-02-10 02:59:59.121382,2026-02-10 03:59:59.121382,20.7,11.455079,82.859392,True
f71db34f-42a0-4ab8-933b-d1caf2df0aa9,R171,congestion,1,2026-03-24 17:59:59.121382,2026-03-27 00:59:59.121382,15.47,9.032117,96.835579,True
d743bbf1-37ee-4d00-b0b8-9e990bc4d6a8,R087,accident,2,2026-02-24 10:59:59.121382,2026-02-24 23:59:59.121382,38.26,10.353763,81.113872,True
1a3406a0-67b0-4914-9ae5-a3bc77b36a9c,R171,road_closure,2,2026-02-01 09:59:59.121382,2026-02-02 08:59:59.121382,29.07,27.476045,68.919952,True
fdd9a060-686f-471e-8ba1-bb68b37fdb95,R196,congestion,2,2026-01-05 20:59:59.121382,2026-01-07 12:59:59.121382,44.89,16.103914,90.692504,True
c28dcaa8-78f2-425d-8365-3a7c83917942,R049,strike,2,2026-01-04 06:59:59.121382,2026-01-04 15:59:59.121382,15.56,8.202486,79.700948,True
2a7474d3-820f-41f0-ba8a-d08198b4e6c5,R179,mechanical,4,2025-11-17 21:59:59.121382,2025-11-20 14:59:59.121382,29.19,35.590509,71.973606,True
a3b3e809-fd18-4c15-851b-7895509ccefa,R199,congestion,1,2026-02-21 00:59:59.121382,2026-02-23 14:59:59.121382,45.74,18.92914,93.401243,True
04f80542-a5c0-4fd8-8f7d-a6bdf5f3b3f1,R157,congestion,1,2026-03-11 01:59:59.121382,2026-03-13 18:59:59.121382,18.39,35.648684,69.746581,True
b043d0fb-6b73-4d29-bc48-533c8d30e78f,R017,mechanical,1,2026-01-01 03:59:59.121382,2026-01-02 01:59:59.121382,19.68,28.820048,76.22463,True
0ce2e39a-47d2-4380-aed1-ed4f56bce1b1,R035,accident,5,2025-12-13 07:59:59.121382,2025-12-16 05:59:59.121382,16.11,10.257839,95.707998,True
d8080028-dbf1-467d-a9bb-d022e67c0181,R181,strike,3,2026-02-19 05:59:59.121382,2026-02-20 21:59:59.121382,42.64,14.156284,71.351193,True
b1050614-e876-4741-bf8b-0f10a92ab08c,R192,congestion,1,2025-12-21 04:59:59.121382,2025-12-21 11:59:59.121382,18.0,13.777371,76.241345,True
99151e99-a2f1-4ba4-93e2-635996125a57,R046,road_closure,4,2026-02-02 11:59:59.121382,2026-02-05 10:59:59.121382,13.74,25.174421,88.327126,True
9253e3f5-f9f4-48a3-abed-d7cff7a6af6b,R081,road_closure,4,2026-02-10 05:59:59.121382,2026-02-11 13:59:59.121382,10.32,19.924918,87.237513,True
5e52aa08-7b5a-42ca-9713-d0ca4f012416,R058,mechanical,3,2025-11-26 21:59:59.121382,2025-11-28 18:59:59.121382,14.45,13.392884,95.573741,True
b587ae4a-93a8-4037-b761-0217a6402310,R079,strike,3,2026-03-27 02:59:59.121382,2026-03-28 14:59:59.121382,47.65,13.193753,79.374316,True
de830919-fb56-4c9a-89c0-aa9561436d63,R061,accident,2,2026-01-14 11:59:59.121382,2026-01-16 01:59:59.121382,20.42,19.066878,90.481802,True
f4edb5e6-cc8f-4049-9be7-bc080eb52792,R079,congestion,5,2026-03-19 02:59:59.121382,2026-03-20 19:59:59.121382,42.17,23.402175,89.625812,True
17f4e675-9e0f-4ab7-8db2-6fdf7e30b2c6,R031,accident,3,2025-12-07 18:59:59.121382,2025-12-07 19:59:59.121382,46.68,24.29405,87.470776,True
05ec4107-e140-4e1f-b1b1-66f2c9dcd2c4,R010,accident,2,2025-11-14 23:59:59.121382,2025-11-15 20:59:59.121382,13.85,19.081581,71.835793,True
588a4246-a916-4222-9762-99f183962b85,R191,accident,3,2026-02-24 11:59:59.121382,2026-02-26 04:59:59.121382,37.07,23.256393,90.020015,True
4c35cb41-f299-4e03-9d56-64554eb0c621,R064,mechanical,3,2025-12-12 23:59:59.121382,2025-12-15 22:59:59.121382,23.56,19.980115,73.781019,True
5170af75-c8b9-4923-8784-a0e268d952a6,R191,accident,1,2026-02-06 22:59:59.121382,2026-02-08 22:59:59.121382,8.63,14.983311,79.21741,True
cbae6aea-4e4b-402e-a70e-17e2aca82691,R168,mechanical,1,2025-11-27 03:59:59.121382,2025-11-29 12:59:59.121382,10.55,8.175364,82.031946,True
6ed74562-9038-495f-b57b-8fbf5faaad13,R137,strike,1,2026-04-04 06:59:59.121382,2026-04-06 08:59:59.121382,38.37,36.009137,73.968037,True
71483444-1eb1-4780-b418-261c31e05dbe,R149,accident,5,2025-11-20 17:59:59.121382,2025-11-21 10:59:59.121382,46.24,13.668282,72.820651,True
e7604a2d-8dd8-4046-9686-80caedb3cb69,R082,weather,1,2026-04-07 10:59:59.121382,2026-04-08 15:59:59.121382,38.21,17.825881,95.609811,True
d07ac2e8-a219-45a5-a29e-782f001f4bca,R120,congestion,4,2026-04-12 14:59:59.121382,2026-04-13 17:59:59.121382,38.48,21.486054,74.582378,True
5d0de44b-b4b9-4c99-9bce-92602b1cff6b,R180,accident,1,2025-11-18 13:59:59.121382,2025-11-20 14:59:59.121382,20.82,20.900721,82.182404,True
696aa545-7b46-4d77-bbe8-a19b9baea2ba,R042,congestion,1,2025-11-11 15:59:59.121382,2025-11-13 16:59:59.121382,40.83,17.053565,89.028224,True
3bac4aa7-f7f3-4ee0-9ed5-f760d4e5eb44,R154,congestion,4,2026-01-11 06:59:59.121382,2026-01-11 13:59:59.121382,6.85,17.837389,83.793268,True
1734c6b2-1055-4577-a984-c21a10696b94,R054,mechanical,1,2026-03-03 17:59:59.121382,2026-03-04 09:59:59.121382,21.06,21.060161,89.719931,True
700baa1a-69e7-40bf-b750-72e51a32800f,R144,strike,1,2026-02-02 16:59:59.121382,2026-02-03 18:59:59.121382,38.69,13.917867,76.465424,True
1cc01b2a-d311-46d0-a001-42109b357058,R045,strike,3,2025-10-23 23:59:59.121382,2025-10-25 01:59:59.121382,26.38,35.75691,80.386046,True
cb76f98c-2a8d-4148-b52f-04c8dc76ab98,R140,accident,4,2025-11-11 14:59:59.121382,2025-11-12 16:59:59.121382,7.42,22.818152,80.434164,True
94fd13d7-b343-4db6-81cd-5fe461193582,R087,road_closure,1,2026-03-05 01:59:59.121382,2026-03-05 21:59:59.121382,37.91,29.115377,85.407291,True
97624b08-9ec0-4857-b772-171d5b8f8f02,R066,strike,3,2025-11-10 15:59:59.121382,2025-11-10 21:59:59.121382,9.87,22.420363,73.174067,True
a40f8a7f-d45d-438d-ba84-39d6e3d309a3,R180,congestion,5,2026-03-01 19:59:59.121382,2026-03-04 18:59:59.121382,14.31,24.109421,84.933659,True
a995c99f-13a2-4c08-99f5-5d236e164e07,R053,congestion,5,2026-03-04 20:59:59.121382,2026-03-07 07:59:59.121382,42.25,27.731148,75.949491,True
48b1da40-934f-40e8-b4c8-94093060b8c1,R069,road_closure,5,2026-04-12 12:59:59.121382,2026-04-12 15:59:59.121382,6.87,13.698122,74.14063,True
be03c1cc-b705-4af6-82ae-c202813befa9,R149,weather,3,2025-11-06 19:59:59.121382,2025-11-08 06:59:59.121382,36.33,16.881769,75.687357,True
820eb899-784e-4a05-9e15-36e8a45ccacf,R038,strike,2,2025-11-03 17:59:59.121382,2025-11-04 10:59:59.121382,28.96,11.517787,76.780479,True
05dc7978-c871-4b1a-b4cf-9f494e363a78,R012,strike,2,2025-12-02 01:59:59.121382,2025-12-02 05:59:59.121382,10.46,24.897898,71.599114,True
a6485991-8b31-4549-9ba8-5427fe5eb409,R074,accident,5,2026-03-01 16:59:59.121382,2026-03-04 07:59:59.121382,23.36,8.718181,75.215752,True
6e46661b-a43e-48db-a5bb-9abdd7eed961,R139,strike,5,2026-04-11 06:59:59.121382,2026-04-11 14:59:59.121382,27.8,30.458165,79.181053,True
bcb342d9-38de-46c8-9c44-d0b4bf337844,R182,accident,5,2026-01-25 06:59:59.121382,2026-01-27 08:59:59.121382,22.45,10.021863,93.908737,True
0fba75c1-6216-4e71-be98-1c3ceb4b20e6,R137,weather,2,2025-11-06 21:59:59.121382,2025-11-09 10:59:59.121382,46.42,21.768301,77.753378,True
4fff1aca-94c5-412e-8021-3120123d811e,R122,mechanical,1,2026-03-01 09:59:59.121382,2026-03-02 23:59:59.121382,48.76,22.065522,70.476688,True
5c2563cc-455c-46b9-b02b-91973473bc3a,R070,road_closure,1,2025-12-16 20:59:59.121382,2025-12-18 05:59:59.121382,9.78,20.445335,70.171979,True
2c233a66-ce13-4c71-b1a6-9593c7f7aaba,R096,strike,2,2026-03-25 17:59:59.121382,2026-03-27 21:59:59.121382,25.98,18.961827,96.454265,True
22012353-c57a-4d32-a2de-deb0d8981c1e,R023,accident,1,2025-10-23 19:59:59.121382,2025-10-25 02:59:59.121382,42.98,9.30939,80.699097,True
c863da6c-dd27-421f-b531-92372d89c31a,R018,weather,5,2026-01-28 00:59:59.121382,2026-01-30 03:59:59.121382,19.96,24.750779,84.556305,True
4ee51b61-3b89-47aa-a91c-1a6284de4498,R088,road_closure,4,2026-02-27 17:59:59.121382,2026-03-01 21:59:59.121382,30.41,36.804691,93.188154,True
da8fad2b-a961-4213-8864-1d71d6b344e1,R161,road_closure,1,2026-02-12 17:59:59.121382,2026-02-13 12:59:59.121382,14.07,27.870061,76.411277,True
ad73e9db-d85f-4c22-bae0-0d96ba8a2ef8,R054,weather,4,2026-03-29 01:59:59.121382,2026-03-31 06:59:59.121382,29.63,11.285689,72.985464,True
f26a87f6-0fc9-42a3-a1e2-d82768381d7b,R154,mechanical,5,2026-01-29 00:59:59.121382,2026-01-31 10:59:59.121382,5.72,22.927524,70.887812,True
441092fc-7854-40b8-947e-ce79bf0a145e,R156,accident,5,2026-04-19 22:59:59.121382,2026-04-20 05:59:59.121382,10.68,35.044435,84.694292,True
685a8048-b7ea-4f36-96b9-4d711fd22164,R168,mechanical,4,2026-02-07 12:59:59.121382,2026-02-08 01:59:59.121382,33.06,26.811806,94.078219,True
9cd57e7b-0f67-497a-a6e8-c2c3226daae8,R181,mechanical,2,2025-11-29 17:59:59.121382,2025-11-30 00:59:59.121382,18.54,30.051602,87.615553,True
9a520e94-9ed8-4e1f-9ae4-46929898b047,R085,mechanical,1,2025-12-10 16:59:59.121382,2025-12-11 18:59:59.121382,25.26,35.382056,96.869818,True
8706c28d-fc5a-47a9-9205-957fc0b87457,R168,road_closure,3,2025-11-28 23:59:59.121382,2025-11-30 06:59:59.121382,25.06,8.609266,68.998508,True
3c3207db-55bd-43ff-ae8b-549c1b16c865,R101,weather,4,2026-04-12 15:59:59.121382,2026-04-15 12:59:59.121382,42.33,34.483661,79.25121,True
5809d957-ec05-4627-90b0-5fda838b903b,R197,accident,2,2026-02-03 20:59:59.121382,2026-02-06 06:59:59.121382,17.4,18.538714,95.207254,True
77fcdb35-8a90-4067-8f97-0ebfaab823cf,R033,weather,5,2026-03-01 17:59:59.121382,2026-03-03 12:59:59.121382,7.87,31.141943,89.417836,True
f74cb613-12ec-49a0-956f-414291439718,R083,mechanical,3,2026-04-11 15:59:59.121382,2026-04-11 19:59:59.121382,20.25,34.637126,69.362783,True
6161e624-f203-4ce7-8a3f-93ff8e2d091c,R098,strike,5,2026-04-12 06:59:59.121382,2026-04-13 00:59:59.121382,34.41,29.485209,83.734626,True
20687acd-0bb7-4c62-bbc1-884ba4d518e5,R105,mechanical,4,2026-01-18 18:59:59.121382,2026-01-20 15:59:59.121382,46.59,15.033784,76.45911,True
07477778-3f92-4df2-b080-3325a583007f,R116,road_closure,2,2026-04-20 20:59:59.121382,2026-04-21 13:59:59.121382,31.25,19.599508,69.664363,False
4d7f036f-faf6-443a-b3fe-ea873ace7314,R170,mechanical,2,2026-03-03 21:59:59.121382,2026-03-04 20:59:59.121382,23.48,20.160706,88.33183,True
3d52de5c-372c-4a8c-bc8e-66eb8d630a1b,R199,accident,1,2025-12-16 12:59:59.121382,2025-12-17 19:59:59.121382,28.15,29.759592,77.010745,True
e2201d97-df39-4eec-887e-f5e426001a30,R183,weather,4,2026-01-31 12:59:59.121382,2026-02-01 03:59:59.121382,18.27,20.863337,95.227432,True
297ef9e1-1b22-40f2-8e02-9eceb219325c,R158,strike,3,2025-12-29 05:59:59.121382,2025-12-31 06:59:59.121382,37.71,11.223376,68.882061,True
53c00012-f497-4b16-be3d-c20e06cfcc43,R044,accident,5,2026-01-27 12:59:59.121382,2026-01-28 11:59:59.121382,18.09,36.183514,82.865842,True
d7b580f9-6fdb-427b-80ca-669cf1fabb90,R037,road_closure,3,2025-11-14 14:59:59.121382,2025-11-15 08:59:59.121382,37.19,13.094491,82.882507,True
f091af2c-4be6-45ae-8d96-b260c23a3fa9,R019,road_closure,4,2026-04-14 15:59:59.121382,2026-04-17 11:59:59.121382,5.32,18.899721,91.795795,True
c8a80b32-d685-44f1-bc24-86af5f1828ee,R042,weather,5,2025-12-20 17:59:59.121382,2025-12-21 03:59:59.121382,7.26,28.580469,96.527636,True
0ccd7b76-0869-4a7d-9394-4fd491ae296a,R136,weather,4,2025-12-29 20:59:59.121382,2025-12-31 02:59:59.121382,39.85,9.141495,68.633555,True
2220c78e-a156-4b67-ba07-a99eb2a8c6b4,R185,mechanical,4,2026-03-12 21:59:59.121382,2026-03-14 16:59:59.121382,5.47,8.786093,90.721544,True
9c80d72b-e0be-41e5-b6f4-131b5c371c0d,R078,weather,5,2026-03-09 10:59:59.121382,2026-03-10 22:59:59.121382,44.93,21.832518,79.28705,True
c1b4f8bf-4024-42d2-b23c-f85aad125094,R129,accident,3,2026-03-31 11:59:59.121382,2026-04-02 19:59:59.121382,29.63,34.99896,69.464714,True
e4102cf0-b36f-4470-a2a2-e2d7e583ec4f,R025,strike,5,2025-12-22 06:59:59.121382,2025-12-23 00:59:59.121382,42.06,17.405537,95.612174,True
7c83b4ac-8464-4f9e-b538-785d451f2377,R097,weather,5,2025-12-11 17:59:59.121382,2025-12-12 14:59:59.121382,37.85,19.375744,80.979004,True
f682bedf-dad5-40b7-a123-3e56eb761918,R055,strike,4,2025-10-31 14:59:59.121382,2025-11-02 22:59:59.121382,20.07,36.030195,95.396514,True
d2ea053e-2be3-497a-ada9-4421aa1e7c84,R087,weather,1,2026-02-14 08:59:59.121382,2026-02-14 15:59:59.121382,47.41,24.535267,85.695684,True
2c1d23ea-2780-45ca-a783-d75a0564742a,R073,weather,3,2025-10-29 01:59:59.121382,2025-10-31 16:59:59.121382,14.59,27.961814,89.712256,True
bd448663-3352-4ce9-b89d-3958a2a04a0f,R117,mechanical,3,2026-01-30 20:59:59.121382,2026-02-01 08:59:59.121382,10.82,10.812384,69.615498,True
b0c0401c-082c-4cd5-b89c-9f3fc3570a85,R158,strike,4,2026-03-23 18:59:59.121382,2026-03-26 14:59:59.121382,28.18,23.769825,88.154134,True
5fedd27c-9d60-4e15-ada8-ee7429e29c08,R057,congestion,4,2026-04-04 03:59:59.121382,2026-04-05 02:59:59.121382,24.43,19.150959,78.06181,True
0cd87793-7653-4c69-8ab3-feb6c4ea3848,R015,strike,4,2025-11-09 05:59:59.121382,2025-11-10 08:59:59.121382,15.72,17.920014,91.489384,True
72dc9467-817b-414a-95e0-ee5c836c1d0c,R177,road_closure,1,2026-04-11 12:59:59.121382,2026-04-13 23:59:59.121382,28.08,13.376857,73.279831,True
8662086b-dca7-4e61-9cfc-dc983ea2d7e3,R112,mechanical,3,2026-04-03 20:59:59.121382,2026-04-05 21:59:59.121382,31.24,24.506987,93.171409,True
d56ec8b6-015d-4cf5-aa27-21b69404f56c,R162,strike,2,2026-03-14 18:59:59.121382,2026-03-16 21:59:59.121382,20.66,35.786005,75.181318,True
91116081-f75d-4420-9ca0-fbf1e2bd2b82,R004,strike,1,2025-11-16 15:59:59.121382,2025-11-19 09:59:59.121382,17.31,23.256726,87.945307,True
ac25a030-2b45-4bf5-96a6-e63a36a8729f,R148,road_closure,4,2026-01-24 02:59:59.121382,2026-01-24 09:59:59.121382,19.43,17.153363,82.239573,True
66ee3ff5-d6d4-4768-9c55-2ff5fca38927,R178,accident,4,2025-12-02 20:59:59.121382,2025-12-03 14:59:59.121382,33.85,30.60159,83.152407,True
75bd41be-6ee9-40ce-af1b-a31036b8ca4c,R017,strike,1,2025-12-24 01:59:59.121382,2025-12-26 23:59:59.121382,17.52,22.270668,96.608135,True
c08b903f-b0e4-41ad-977f-45f766dc9291,R162,strike,2,2026-01-10 09:59:59.121382,2026-01-11 17:59:59.121382,47.9,14.31005,71.879566,True
b396c343-f359-47ac-9943-b9ba8124e46a,R067,road_closure,4,2026-01-18 11:59:59.121382,2026-01-19 04:59:59.121382,10.65,25.986811,83.799231,True
6df523d8-39c1-4dcf-a613-abe739f0ead9,R088,weather,4,2025-12-08 08:59:59.121382,2025-12-11 05:59:59.121382,27.91,28.94993,68.214365,True
94203831-885f-4e8a-9963-22385fa93d27,R021,mechanical,4,2025-11-21 00:59:59.121382,2025-11-21 03:59:59.121382,37.25,20.887473,76.795205,True
2f407051-97bd-4221-b0f5-49cd23616752,R035,strike,1,2026-03-12 14:59:59.121382,2026-03-15 10:59:59.121382,34.0,29.651493,68.365296,True
6518a01e-f230-47f0-86cb-a9e526a05fd1,R164,weather,3,2026-01-30 18:59:59.121382,2026-01-30 20:59:59.121382,19.82,8.284999,79.866295,True
0bd70343-0783-43c9-905c-9dd90cae273c,R171,congestion,2,2026-03-30 12:59:59.121382,2026-04-01 19:59:59.121382,49.28,33.004131,91.666678,True
817a2fc7-1a21-437b-b703-25633458a1c7,R069,strike,5,2026-03-11 06:59:59.121382,2026-03-11 18:59:59.121382,22.86,23.412898,81.280933,True
0a4fbf76-6f83-4512-be00-466646b7e34e,R118,road_closure,3,2026-04-18 03:59:59.121382,2026-04-18 08:59:59.121382,12.84,23.030112,88.944267,True
e9cdd1d8-4e24-4173-a60a-043435ae4b21,R138,accident,4,2025-11-11 00:59:59.121382,2025-11-12 07:59:59.121382,18.96,14.752898,82.26805,True
e58be1d5-6302-4a7e-8b33-31156fdaeb9c,R041,strike,1,2025-10-25 11:59:59.121382,2025-10-26 12:59:59.121382,25.48,24.065405,76.640693,True
aea761d0-34dd-410c-ad40-840c496827fb,R070,road_closure,3,2026-02-10 21:59:59.121382,2026-02-10 23:59:59.121382,24.74,34.092549,86.223802,True
d91d9267-915a-438f-9625-344725683f84,R113,road_closure,5,2026-03-03 07:59:59.121382,2026-03-04 16:59:59.121382,6.55,21.292541,83.332512,True
bed1fc6e-76d3-4722-80f0-c2353845f78e,R166,mechanical,5,2026-03-15 08:59:59.121382,2026-03-18 00:59:59.121382,36.12,23.817411,71.869074,True
49ea4ea6-0f67-4703-a3f4-30a88af88489,R082,weather,3,2026-01-14 01:59:59.121382,2026-01-14 14:59:59.121382,34.23,21.550569,71.094643,True
a7c1102b-dd38-439a-9164-6b6c4410f6ed,R181,road_closure,4,2026-03-28 14:59:59.121382,2026-03-29 17:59:59.121382,45.47,14.375997,80.900341,True
16642a70-4bba-4d28-9d36-b92a8347c9c5,R187,mechanical,5,2026-02-27 12:59:59.121382,2026-02-28 14:59:59.121382,46.96,22.702989,84.592987,True
39d66bbb-4422-46d4-b98c-df860d60f225,R182,road_closure,2,2025-10-24 20:59:59.121382,2025-10-25 00:59:59.121382,32.13,21.456012,90.883787,True
7d3a85e9-651f-455e-b6dc-54992f38e5ca,R011,weather,2,2025-11-18 02:59:59.121382,2025-11-18 23:59:59.121382,5.97,19.828982,78.08569,True
f94daf80-70de-417a-b17b-1d7d7cdb47ae,R164,congestion,2,2025-12-20 02:59:59.121382,2025-12-22 17:59:59.121382,49.21,11.722148,86.855428,True
84782d6b-4fe4-4a68-85cb-8ce54e9ca3c6,R025,congestion,4,2026-03-02 01:59:59.121382,2026-03-04 17:59:59.121382,25.86,31.926024,92.891583,True
78834d3f-99b6-42c6-ae9d-87eef6bcee88,R189,accident,2,2026-02-04 23:59:59.121382,2026-02-07 00:59:59.121382,49.15,17.808698,94.502412,True
781a0aac-4414-42ad-93b8-5595c20c3a4d,R133,mechanical,2,2026-01-21 21:59:59.121382,2026-01-22 23:59:59.121382,34.5,17.154386,71.632286,True
c6c01184-0f2f-4a75-bfa2-76dbfde6c390,R001,road_closure,3,2025-10-23 12:59:59.121382,2025-10-24 01:59:59.121382,8.46,21.022095,81.319807,True
bc0c4a6f-8b38-4395-b8b3-27b48fa37658,R182,congestion,2,2026-02-18 21:59:59.121382,2026-02-20 19:59:59.121382,25.08,35.192182,78.205963,True
951d2f38-7359-4211-8815-0dbb2be233ab,R199,mechanical,5,2025-12-27 05:59:59.121382,2025-12-29 20:59:59.121382,28.13,8.724538,88.901028,True
6ef839e6-0fe3-4e63-b282-a78344ed3020,R046,accident,1,2026-01-18 11:59:59.121382,2026-01-18 20:59:59.121382,31.21,10.649244,89.94275,True
c66adc7d-5123-4f71-ade4-45f3b8e8e7fb,R080,strike,4,2026-01-02 05:59:59.121382,2026-01-03 18:59:59.121382,42.82,9.653069,85.046155,True
5e867eb4-4cea-4754-9168-1cab7b47c93b,R080,mechanical,4,2025-10-27 21:59:59.121382,2025-10-29 04:59:59.121382,20.73,31.765375,77.475428,True
ea33219d-da8d-446a-8a9e-a16b44a23309,R091,road_closure,2,2026-03-23 08:59:59.121382,2026-03-25 09:59:59.121382,38.38,26.143847,84.841924,True
42bb5713-524f-47e7-b111-b848de43feb7,R133,accident,2,2025-11-08 18:59:59.121382,2025-11-09 21:59:59.121382,39.17,28.122032,76.868592,True
5fc943e0-7a1d-4541-b323-d9be933f914f,R155,weather,2,2025-11-02 07:59:59.121382,2025-11-03 08:59:59.121382,31.04,11.06386,91.572678,True
1dd72c34-ed20-488c-9653-792a30cfc5c5,R070,road_closure,2,2026-02-22 09:59:59.121382,2026-02-22 11:59:59.121382,43.29,9.630203,89.678098,True
b236b06a-5cb9-4433-b749-97340f4be533,R112,strike,1,2025-12-13 06:59:59.121382,2025-12-13 09:59:59.121382,15.59,28.654386,73.100818,True
09edf649-ab10-42e6-b1f8-1d466f1e6de2,R045,accident,5,2026-03-28 17:59:59.121382,2026-03-30 04:59:59.121382,14.36,36.306495,74.4462,True
3956121a-7b42-46d5-8823-128b30356a15,R059,weather,3,2025-11-28 12:59:59.121382,2025-11-28 23:59:59.121382,46.02,32.148119,82.308794,True
ebd45001-d5ae-42d0-aa59-a0f1ddb4af6e,R069,congestion,5,2025-12-04 16:59:59.121382,2025-12-06 09:59:59.121382,16.35,18.281898,84.373228,True
43a1ef77-8858-4bd2-b153-3019e23da0a2,R003,strike,1,2026-03-27 02:59:59.121382,2026-03-29 02:59:59.121382,12.59,27.040318,94.30258,True
14904cc9-290e-435d-bc40-2cf1afeeaed6,R132,strike,2,2025-12-25 23:59:59.121382,2025-12-27 07:59:59.121382,13.47,27.627781,76.746019,True
015419ca-d2b6-484a-98b6-dca4b8c5c300,R112,mechanical,4,2026-01-31 08:59:59.121382,2026-02-03 01:59:59.121382,25.36,11.109449,80.280978,True
3f4a1174-9c69-4a81-87c4-f442914ff0e4,R109,strike,5,2026-01-11 23:59:59.121382,2026-01-14 19:59:59.121382,20.93,34.78821,91.822666,True
7a7de720-d28f-4fa4-b819-2860b279aabf,R169,accident,2,2026-03-31 23:59:59.121382,2026-04-02 19:59:59.121382,6.76,26.233286,75.71694,True
05376322-eb43-4079-9815-c8c199506299,R085,weather,4,2025-11-13 08:59:59.121382,2025-11-15 09:59:59.121382,35.34,12.74487,88.061552,True
345438bf-db2e-489f-9ee3-d573714ffc90,R059,weather,3,2026-01-08 12:59:59.121382,2026-01-10 15:59:59.121382,40.13,31.158119,71.103845,True
9159af3f-48c7-4e9d-add6-7a0252fa8b11,R082,strike,4,2026-03-23 20:59:59.121382,2026-03-24 10:59:59.121382,39.3,20.695187,77.000756,True
c97db09c-a436-4fed-829c-cc720c1853f4,R106,accident,3,2026-01-30 22:59:59.121382,2026-02-01 19:59:59.121382,26.33,14.940636,86.099289,True
b2168aad-4f20-4743-8d31-793c5ffb0fa5,R146,weather,1,2026-03-23 09:59:59.121382,2026-03-24 10:59:59.121382,6.27,15.457418,88.862257,True
26d41cff-e917-4c41-bea6-6e91bf0cbb84,R093,strike,2,2025-10-26 15:59:59.121382,2025-10-27 05:59:59.121382,12.83,36.414303,93.188032,True
08abce0b-5a2b-43be-bdbc-ac9be33435df,R102,road_closure,2,2026-04-01 11:59:59.121382,2026-04-03 20:59:59.121382,34.83,14.131506,75.689951,True
0090f45c-3994-460a-9f89-a2c656caed5a,R092,strike,5,2026-04-13 15:59:59.121382,2026-04-13 20:59:59.121382,48.4,11.93663,96.345707,True
8805d205-af9b-4a65-a427-bf1cbb86b476,R032,weather,3,2026-03-22 09:59:59.121382,2026-03-23 14:59:59.121382,8.98,31.662718,78.971153,True
2bc042e8-9818-48fc-ab96-4fd2ae6ac7bf,R154,accident,3,2025-10-29 23:59:59.121382,2025-10-31 00:59:59.121382,11.2,28.559964,94.276927,True
e17f36af-0f7f-43ee-bc1f-fee0b61d13b2,R137,accident,5,2026-03-11 15:59:59.121382,2026-03-14 07:59:59.121382,15.97,29.096835,90.808666,True
48996cfd-0da0-458f-b574-7d1119d0043a,R077,mechanical,5,2026-02-22 17:59:59.121382,2026-02-24 13:59:59.121382,21.24,25.723104,96.528316,True
7ba41ddf-b39f-4433-9a1d-5a2b0c8bbafa,R162,road_closure,3,2025-12-02 00:59:59.121382,2025-12-03 02:59:59.121382,20.51,26.412962,92.909038,True
43fa0e35-0dfe-4094-bebb-834ba133693d,R188,accident,1,2026-03-10 15:59:59.121382,2026-03-13 09:59:59.121382,11.95,15.215115,94.396283,True
78a0924b-5d2b-47b7-901b-b485c8431bc9,R100,strike,4,2026-03-30 06:59:59.121382,2026-04-01 17:59:59.121382,12.77,21.040632,78.012672,True
4307b182-e55f-4291-8922-4e3c5ca054f3,R030,accident,1,2025-12-31 18:59:59.121382,2026-01-01 14:59:59.121382,20.45,28.80381,87.265842,True
341b8b13-1a25-47ff-b797-9bc2b06ceda6,R128,congestion,3,2026-03-12 08:59:59.121382,2026-03-14 10:59:59.121382,37.31,8.216431,80.257912,True
9543f1a4-1f32-41b5-b4d3-d1e8b152f719,R097,accident,4,2026-02-08 22:59:59.121382,2026-02-11 19:59:59.121382,38.25,24.768333,85.331341,True
cdaaf143-d710-4057-8c7d-ab543a926e00,R156,weather,3,2026-03-30 02:59:59.121382,2026-03-30 20:59:59.121382,21.14,13.923438,86.177276,True
8fb738bb-7a0d-4e90-8420-95c01d3ead6e,R039,weather,2,2025-10-28 02:59:59.121382,2025-10-29 16:59:59.121382,45.7,16.438982,93.199814,True
0472c71c-ac0e-41da-9df1-54ffa6ec4253,R106,accident,3,2025-11-03 19:59:59.121382,2025-11-04 12:59:59.121382,46.17,21.454152,75.128739,True
d74bcd28-bf89-4f4c-afcc-b80a66db135c,R150,mechanical,2,2025-11-05 15:59:59.121382,2025-11-06 05:59:59.121382,21.91,23.745273,71.752038,True
3e6f38a3-e42c-4330-8e29-66dbd976fce3,R178,weather,5,2025-12-04 06:59:59.121382,2025-12-06 13:59:59.121382,23.28,14.393644,72.772416,True
cc874015-d2ba-4f91-a0f4-c86771c3b51f,R013,accident,3,2026-03-19 00:59:59.121382,2026-03-19 03:59:59.121382,34.99,10.442177,96.552701,True
cf8be1fb-4d0e-4324-b630-ca8ace8639ef,R176,weather,3,2026-02-13 09:59:59.121382,2026-02-13 14:59:59.121382,26.58,35.970159,76.393655,True
5b34360f-db46-416d-b966-035f2d1a7783,R129,congestion,4,2026-02-17 09:59:59.121382,2026-02-17 21:59:59.121382,16.17,10.280175,77.596528,True
dabdd870-5dc0-43d3-baa0-3f0ed681f049,R176,congestion,4,2025-12-03 04:59:59.121382,2025-12-05 14:59:59.121382,17.66,14.150356,74.930933,True
9a4d226e-3d9d-4e7a-be3f-16cf48516574,R060,accident,1,2026-03-09 11:59:59.121382,2026-03-11 12:59:59.121382,20.23,36.002685,77.905541,True
095ac721-757a-41e5-8600-2e203091b655,R066,mechanical,3,2026-03-27 00:59:59.121382,2026-03-28 01:59:59.121382,33.49,8.913878,71.526553,True
4728ef21-35f8-4d1e-9e99-99318e4f51bb,R146,weather,5,2026-02-15 06:59:59.121382,2026-02-16 09:59:59.121382,39.73,35.467435,79.787419,True
fd554f6b-2486-4c7b-bee0-733178ec50e7,R100,strike,5,2026-04-04 19:59:59.121382,2026-04-04 22:59:59.121382,14.04,31.94051,90.948011,True
a2334c68-a73c-4089-8049-20cf4107397b,R158,road_closure,1,2026-01-26 16:59:59.121382,2026-01-29 13:59:59.121382,29.19,9.445944,72.347368,True
47a4703b-46bd-4be4-8bac-d6a445136210,R161,mechanical,5,2025-12-27 16:59:59.121382,2025-12-27 18:59:59.121382,7.23,28.339543,68.416816,True
4c948160-58f8-4768-8bf6-704b60b32a4c,R101,road_closure,2,2025-12-09 07:59:59.121382,2025-12-11 04:59:59.121382,41.82,34.19253,88.697482,True
8a34341e-b8f1-44f5-8949-f4938f1b8b38,R148,accident,1,2025-12-12 21:59:59.121382,2025-12-14 14:59:59.121382,12.76,12.332067,86.799452,True
363773f6-bd8c-4c89-97db-5fb116e47b6e,R013,congestion,4,2026-03-04 08:59:59.121382,2026-03-05 19:59:59.121382,33.21,23.032598,70.114055,True
4b03992f-3677-4bde-b9c8-2c11376aa105,R185,mechanical,3,2025-12-18 06:59:59.121382,2025-12-19 13:59:59.121382,43.99,13.989498,89.315758,True
4af4ed81-6621-4f12-a284-688275f329ba,R178,strike,4,2026-04-05 09:59:59.121382,2026-04-07 00:59:59.121382,39.41,35.92973,94.608802,True
7aceb5b4-9a8f-4c82-ad0a-d675b717b5ee,R112,strike,1,2025-12-14 09:59:59.121382,2025-12-16 21:59:59.121382,15.52,18.325952,90.878505,True
85f1a6b4-6d21-4c6b-b5e9-c8ba9e0a282f,R063,road_closure,1,2026-02-06 03:59:59.121382,2026-02-08 04:59:59.121382,7.0,19.168078,80.118636,True
ee378f7c-3fab-46ae-834d-f3aeab6dff65,R055,congestion,2,2026-03-23 04:59:59.121382,2026-03-23 18:59:59.121382,13.63,24.85831,70.288966,True
1828e041-c1ca-4fd9-b000-cd709dd17b38,R023,weather,3,2025-11-30 07:59:59.121382,2025-12-01 13:59:59.121382,26.24,32.597891,82.296499,True
d3fc6d53-d26b-47cc-9ce9-0049c7321890,R151,mechanical,1,2026-04-03 18:59:59.121382,2026-04-05 03:59:59.121382,46.3,35.101667,89.055778,True
98b431a9-3809-4a35-9563-2daba24e71b3,R070,congestion,5,2026-03-18 07:59:59.121382,2026-03-19 08:59:59.121382,47.72,11.097809,74.92651,True
7e8ed4fa-6f52-4811-8e3b-57de9cd36163,R091,accident,5,2025-12-15 10:59:59.121382,2025-12-15 17:59:59.121382,29.83,17.371211,83.77915,True
ab718fa4-edb9-40d5-b331-1cb2a4fc81c3,R012,congestion,1,2026-03-31 09:59:59.121382,2026-04-02 04:59:59.121382,15.96,18.943106,75.488578,True
c9e356a7-7c0b-4d2d-9bd0-da22d045ad99,R027,strike,1,2026-02-14 18:59:59.121382,2026-02-16 23:59:59.121382,39.91,8.613345,80.149056,True
280e61bc-8edc-4624-b31a-b39f040ac698,R055,weather,5,2026-03-08 01:59:59.121382,2026-03-10 00:59:59.121382,13.92,9.516094,92.723737,True
fe1c3250-68b2-4ac6-9c4e-7dd485ceeb86,R182,mechanical,2,2026-03-21 03:59:59.121382,2026-03-23 14:59:59.121382,13.03,34.271438,71.672477,True
265012c3-77ab-47e9-872b-868ca9c98ebd,R164,accident,5,2026-01-20 07:59:59.121382,2026-01-21 01:59:59.121382,25.41,34.526142,82.312766,True
7aa43a53-84d3-4782-98c4-e01dcd6e678d,R072,strike,2,2026-01-25 08:59:59.121382,2026-01-26 14:59:59.121382,49.98,11.295735,68.113633,True
b937f6ee-9972-4d76-b052-615c6531e62b,R031,weather,4,2026-01-24 08:59:59.121382,2026-01-24 20:59:59.121382,14.03,25.055656,87.342005,True
90bea60b-3453-4408-bc84-f752801e4479,R029,accident,3,2025-11-18 15:59:59.121382,2025-11-18 17:59:59.121382,36.47,25.996149,86.512152,True
b2aafd7e-0118-4cb0-8395-fe409bac6153,R166,congestion,2,2025-12-27 16:59:59.121382,2025-12-28 20:59:59.121382,44.42,18.488316,71.143611,True
84372975-d1f8-4c8a-b2f8-6d79c34cbfaa,R018,mechanical,2,2025-11-30 05:59:59.121382,2025-11-30 14:59:59.121382,29.31,35.43942,84.813372,True
fa925fbf-7fad-4858-820d-9d9a8304b019,R181,mechanical,4,2026-02-05 20:59:59.121382,2026-02-06 21:59:59.121382,11.12,29.557234,88.976579,True
47d0c7ad-d060-402f-87aa-7b906ba940f5,R086,road_closure,4,2025-12-26 15:59:59.121382,2025-12-28 17:59:59.121382,7.78,29.167782,93.773649,True
7c823a3c-3bc0-4a46-8a81-d668d5c82b77,R200,weather,1,2025-12-28 00:59:59.121382,2025-12-28 21:59:59.121382,33.16,12.12326,69.531951,True
d1a5bd64-3e11-4d37-b06f-fd7db7fa83c7,R081,congestion,2,2026-04-15 05:59:59.121382,2026-04-18 00:59:59.121382,19.92,33.589866,84.578687,True
d84d124f-5c5f-4131-bae9-23c7dd3f211d,R143,road_closure,1,2025-12-07 13:59:59.121382,2025-12-09 09:59:59.121382,21.2,14.990866,68.455181,True
84e0e436-e8f0-45ea-b225-66cfc477594e,R088,mechanical,3,2026-01-29 03:59:59.121382,2026-01-30 03:59:59.121382,5.1,13.771328,96.995628,True
6c2cbc58-5f95-423c-82a6-1f84626f4d46,R024,weather,2,2026-03-08 15:59:59.121382,2026-03-11 00:59:59.121382,5.06,35.696832,85.716865,True
5074aa6c-04e8-489b-9d7a-9eb70600aeee,R162,congestion,2,2025-11-09 07:59:59.121382,2025-11-11 01:59:59.121382,23.1,15.498161,77.779162,True
b5c49768-6c28-4ea8-98e7-56744ae99460,R024,accident,5,2026-02-27 19:59:59.121382,2026-02-27 23:59:59.121382,41.14,18.170584,90.412362,True
0a2e9a02-6cd5-4cd4-a03b-50cb773ba55b,R030,accident,1,2026-03-16 01:59:59.121382,2026-03-16 08:59:59.121382,21.5,28.509622,73.521072,True
85d6e03e-a53f-4008-a543-4094ce86bfc2,R053,accident,4,2026-01-03 11:59:59.121382,2026-01-04 12:59:59.121382,29.93,24.778354,94.428913,True
ec0ff26a-7b81-42ce-8216-586aafcaa391,R111,accident,2,2025-11-24 08:59:59.121382,2025-11-24 19:59:59.121382,34.96,20.164963,79.330113,True
19aff3ee-3ae7-4ced-b802-0d378fa84095,R199,mechanical,2,2026-01-05 08:59:59.121382,2026-01-07 18:59:59.121382,12.61,22.508425,80.039515,True
003c5459-c82c-470d-a06c-2ac7db6bd0d4,R173,accident,1,2025-12-26 13:59:59.121382,2025-12-27 14:59:59.121382,20.19,21.450485,73.045345,True
cfbea901-1595-4fa1-8fee-906b21cf3372,R104,accident,4,2025-11-25 06:59:59.121382,2025-11-26 15:59:59.121382,28.39,33.601872,81.716727,True
b07c7361-a409-4e31-bba0-db13f6fd4abb,R101,weather,2,2025-10-28 01:59:59.121382,2025-10-30 07:59:59.121382,45.48,33.043147,77.887486,True
1a3e43cc-96e7-41c5-af8b-73861abb4773,R123,mechanical,2,2026-01-01 01:59:59.121382,2026-01-03 08:59:59.121382,32.31,30.477372,86.036165,True
def35d1c-0ea3-4b1c-a25a-8277836724cd,R006,strike,5,2025-11-26 02:59:59.121382,2025-11-27 11:59:59.121382,9.61,20.888788,72.1069,True
2e17bcf2-0af6-406d-bf92-1dd3e1a0db3f,R008,weather,2,2026-01-13 18:59:59.121382,2026-01-15 05:59:59.121382,49.67,35.968533,88.818247,True
b402e263-3731-4a30-a9e3-d7a7478f7848,R025,congestion,4,2025-10-29 03:59:59.121382,2025-10-31 01:59:59.121382,5.98,8.513702,88.392794,True
eae80f16-84da-44c5-8bb9-1816cc12d27a,R163,weather,5,2026-01-19 19:59:59.121382,2026-01-21 05:59:59.121382,21.28,23.252451,91.455184,True
3bf9f475-2918-49dd-aaaa-06bd8360b3dd,R175,mechanical,4,2025-12-24 11:59:59.121382,2025-12-24 20:59:59.121382,30.29,17.923406,73.639442,True
175e73bc-2f18-462e-84d8-a3af4b69e4b4,R186,road_closure,5,2026-04-11 21:59:59.121382,2026-04-12 10:59:59.121382,8.67,23.826741,78.423291,True
ba51bdf0-6e2d-4f8b-a371-bc8809571593,R010,weather,1,2025-12-03 15:59:59.121382,2025-12-04 01:59:59.121382,37.27,9.528584,69.089421,True
4f422c98-c7b0-420d-8df7-2a1b3ac1fd72,R118,strike,5,2026-02-24 19:59:59.121382,2026-02-24 20:59:59.121382,17.88,13.508108,81.360653,True
e472552a-7799-4415-bcf9-769b80732141,R035,road_closure,4,2025-11-13 21:59:59.121382,2025-11-16 17:59:59.121382,23.64,31.932211,93.177889,True
f4a8965c-ced5-476f-a739-e237af5e3f83,R184,weather,2,2026-01-18 20:59:59.121382,2026-01-19 08:59:59.121382,39.91,8.293319,72.315453,True
af65090c-31bd-4395-9c04-703c76126000,R062,accident,1,2026-01-13 14:59:59.121382,2026-01-15 21:59:59.121382,45.77,14.062686,92.605984,True
3fc394d7-945c-4d71-8343-bea8de584505,R130,road_closure,5,2025-12-28 12:59:59.121382,2025-12-29 21:59:59.121382,20.23,32.075884,87.256355,True
16541c69-46c8-4d43-a639-9ecf76aff8fd,R200,mechanical,3,2025-11-19 14:59:59.121382,2025-11-20 21:59:59.121382,9.78,35.485318,69.557215,True
32067fd0-2c06-4c91-a0ca-d96820983584,R141,strike,3,2026-01-22 08:59:59.121382,2026-01-24 07:59:59.121382,30.08,21.328828,86.226613,True
9118e259-3bf8-47fa-be66-aa1dcffef4f6,R109,road_closure,2,2026-01-25 19:59:59.121382,2026-01-27 23:59:59.121382,49.58,29.754664,88.108625,True
1bf8533e-fc4d-4ca2-9118-09ca65066817,R112,mechanical,3,2025-12-06 04:59:59.121382,2025-12-08 20:59:59.121382,44.3,33.590795,73.901822,True
c72856eb-a61d-444d-89e9-7d119fe03e3c,R145,congestion,5,2026-01-18 18:59:59.121382,2026-01-20 01:59:59.121382,22.82,18.214698,92.840588,True
a4be68f8-36db-4a43-8da7-34dc8b0c2a35,R073,accident,4,2026-01-15 20:59:59.121382,2026-01-16 14:59:59.121382,44.93,31.122767,75.813119,True
1ca0626f-df3b-4f0a-bcee-9e77a16923be,R116,congestion,2,2026-02-18 22:59:59.121382,2026-02-19 14:59:59.121382,31.59,30.238618,75.780329,True
ebc4ca27-9c2f-447b-a96e-fd8fd41c069b,R086,congestion,2,2025-12-21 15:59:59.121382,2025-12-24 13:59:59.121382,10.16,24.302198,84.028413,True
819fc846-d2bf-4f06-8f29-c8e39066df9d,R187,road_closure,3,2026-04-01 08:59:59.121382,2026-04-02 23:59:59.121382,33.01,12.176093,96.984569,True
0d4aaa5c-b52c-4686-adb6-f42a1a52900c,R161,congestion,4,2026-03-18 09:59:59.121382,2026-03-21 08:59:59.121382,27.46,10.745749,68.952844,True
53ee153f-f03b-446b-a95c-0fe583a71f82,R056,mechanical,1,2025-12-11 21:59:59.121382,2025-12-13 07:59:59.121382,44.74,36.475017,88.04207,True
6fc0cf7f-73b0-4738-be3e-d5489482beb6,R059,accident,3,2026-01-27 09:59:59.121382,2026-01-29 06:59:59.121382,47.03,23.605509,70.045952,True
85d10250-a6bf-401d-9497-9d03b7b6192c,R191,accident,3,2026-01-09 21:59:59.121382,2026-01-12 11:59:59.121382,32.99,26.848611,89.859278,True
1ea355bc-aa44-492d-ae8f-81da038b47bd,R104,mechanical,4,2026-03-12 08:59:59.121382,2026-03-15 03:59:59.121382,5.45,21.992299,86.054687,True
e7967bd2-efd1-49c3-a90b-ed73a6bdf8c2,R006,accident,4,2025-10-27 16:59:59.121382,2025-10-29 07:59:59.121382,7.96,12.746594,76.031684,True
9be4c8e8-930e-4ef9-acab-54f94a705dce,R071,mechanical,1,2026-03-03 23:59:59.121382,2026-03-04 20:59:59.121382,6.16,11.788397,78.783267,True
3d651c93-27f7-45cb-b0cd-f7b2dd7ad59a,R127,accident,1,2026-01-18 20:59:59.121382,2026-01-21 19:59:59.121382,8.81,21.759142,68.289108,True
0266fe06-c798-4e23-9514-0d2e58c0dcc0,R191,strike,4,2025-12-01 04:59:59.121382,2025-12-02 19:59:59.121382,6.37,13.992652,93.349164,True
56ef202c-ef01-48d9-b772-67a54228041b,R075,road_closure,5,2026-03-22 01:59:59.121382,2026-03-22 16:59:59.121382,33.23,23.57542,89.379357,True
2693a78b-af49-46c9-b6dd-462d57f4a715,R029,accident,5,2026-04-05 20:59:59.121382,2026-04-07 09:59:59.121382,42.59,36.958263,68.719699,True
6e8be4c1-a124-469c-8aa3-21df47a0b466,R102,road_closure,5,2026-03-11 16:59:59.121382,2026-03-14 14:59:59.121382,16.27,8.263847,70.186953,True
fe1a7b8c-c8f6-483c-8c8c-24bc9eb2410e,R070,congestion,5,2026-01-04 20:59:59.121382,2026-01-07 14:59:59.121382,41.22,25.60222,73.466496,True
723f53ad-2dbf-4e2e-8fb2-318608fd28a0,R165,road_closure,4,2026-03-22 20:59:59.121382,2026-03-23 21:59:59.121382,15.83,28.194511,87.487308,True
95df0804-d568-40f1-b4cc-878ca06f619a,R010,strike,3,2026-02-03 22:59:59.121382,2026-02-06 15:59:59.121382,37.09,8.246372,90.069174,True
0b86f0e2-8f92-43ba-b397-101ae820869b,R145,mechanical,5,2025-11-08 22:59:59.121382,2025-11-10 00:59:59.121382,13.27,14.964396,77.382214,True
c427c971-580b-47f7-8f6b-01b255b17858,R086,road_closure,4,2025-11-08 21:59:59.121382,2025-11-09 18:59:59.121382,23.91,24.243364,79.207414,True
6092e04a-2ef0-4d63-a00d-96143d2b0d30,R183,strike,1,2026-04-07 03:59:59.121382,2026-04-08 00:59:59.121382,7.7,36.268325,91.942499,True
f358b9f8-851d-437a-9191-979d424c03dc,R157,strike,3,2026-04-03 02:59:59.121382,2026-04-05 20:59:59.121382,35.11,29.447334,70.511973,True
01b84d5b-772d-486a-a06e-7dda31a5bc2f,R046,weather,3,2025-12-02 02:59:59.121382,2025-12-02 07:59:59.121382,25.43,13.540802,90.924895,True
9a31a481-9409-4be2-8db4-5b737b63023b,R152,congestion,3,2026-02-17 10:59:59.121382,2026-02-19 10:59:59.121382,39.61,34.362814,68.84459,True
655f83b2-5cef-4e9e-97a2-dce8e5650e67,R171,weather,1,2026-01-26 04:59:59.121382,2026-01-28 20:59:59.121382,10.25,31.406104,83.175301,True
b91545d5-bcee-471d-b602-15e10e00ff53,R107,strike,4,2026-03-09 04:59:59.121382,2026-03-10 03:59:59.121382,7.57,10.51571,85.55789,True
65b15be3-2f0a-43bf-b36b-eeec19cdf723,R065,mechanical,2,2026-03-30 18:59:59.121382,2026-03-31 19:59:59.121382,37.65,18.766857,82.549276,True
63fcc485-d562-479a-86ad-60fdef7be61e,R176,mechanical,5,2026-01-06 02:59:59.121382,2026-01-08 14:59:59.121382,8.2,36.207974,76.289402,True
580b116d-f2ce-4644-aea4-97fa41380ab2,R012,accident,2,2026-03-13 20:59:59.121382,2026-03-14 07:59:59.121382,46.84,31.715864,83.930465,True
5283e586-86d2-40c9-a47a-94511719aa53,R169,accident,1,2025-12-14 04:59:59.121382,2025-12-14 14:59:59.121382,40.74,21.044316,89.934326,True
5b889d3f-c79b-4ca4-b1f0-28f55a8f43a9,R159,mechanical,3,2026-02-24 16:59:59.121382,2026-02-25 07:59:59.121382,13.53,15.629321,89.007204,True
3920b6d7-df71-4bdb-bd3b-350bce5b373e,R057,accident,2,2026-02-09 12:59:59.121382,2026-02-10 06:59:59.121382,24.3,20.702632,79.853569,True
0cd28069-8db5-48bc-85f1-92613eb2f014,R084,accident,3,2025-11-18 20:59:59.121382,2025-11-20 10:59:59.121382,30.19,9.901793,89.153048,True
667899bc-097d-486d-8e31-2bcb01dd9230,R120,weather,3,2025-12-12 06:59:59.121382,2025-12-13 02:59:59.121382,8.28,31.082988,76.866928,True
59eefcd2-37de-4957-8259-afa95dc0af2b,R140,mechanical,4,2026-01-30 02:59:59.121382,2026-01-31 08:59:59.121382,44.3,16.09518,86.744588,True
fbf11dd5-e7ab-4154-ab45-4975b6b9236a,R024,strike,5,2026-03-28 14:59:59.121382,2026-03-29 14:59:59.121382,16.75,33.359778,69.259567,True
dc0b168b-1c3f-4559-8a03-553203ad7f7e,R065,weather,3,2025-10-25 00:59:59.121382,2025-10-26 19:59:59.121382,23.04,22.993182,83.357608,True
655dfad0-acd4-43a9-bcc5-364cc522a9ea,R042,strike,5,2025-11-02 00:59:59.121382,2025-11-02 10:59:59.121382,35.47,30.91381,74.315643,True
49ee42f7-1cbf-4ec5-857c-4d08f7bb53d0,R094,accident,2,2025-12-28 02:59:59.121382,2025-12-30 10:59:59.121382,18.7,25.691257,79.092049,True
a402612c-5229-4cd7-9257-57e280c8a4f8,R120,strike,3,2025-12-05 05:59:59.121382,2025-12-06 15:59:59.121382,17.02,32.686574,91.156043,True
d90102f9-9452-41b8-912a-c359cecfa69f,R100,strike,5,2025-12-05 18:59:59.121382,2025-12-06 16:59:59.121382,5.57,14.329923,71.783091,True
194d1814-899a-458f-be0c-f5f79207425a,R134,congestion,5,2026-04-06 02:59:59.121382,2026-04-07 15:59:59.121382,6.58,33.776798,89.626278,True
48bf057f-dd9d-40ce-b9a2-b5671c5b9da0,R192,accident,5,2025-12-18 02:59:59.121382,2025-12-20 20:59:59.121382,15.06,31.410588,81.32935,True
2b2d54c2-0f89-4400-a082-33f3baed3d76,R152,strike,5,2025-12-10 14:59:59.121382,2025-12-11 08:59:59.121382,11.43,33.767465,80.815328,True
790c8327-2bd7-42a6-8e2e-c3c55cc9a82a,R058,congestion,1,2026-03-25 00:59:59.121382,2026-03-25 10:59:59.121382,8.33,36.842363,87.695979,True
58175188-cdff-4883-836c-f97034f96579,R015,congestion,1,2026-02-11 18:59:59.121382,2026-02-12 16:59:59.121382,12.84,23.031243,85.033086,True
ec975b51-4358-4594-b85c-9be5ab8a21dd,R025,congestion,1,2025-12-08 04:59:59.121382,2025-12-09 14:59:59.121382,17.62,36.977012,76.318553,True
ebfe1f0f-ebd8-4072-acdb-efde88c7a6ee,R051,strike,5,2026-03-22 01:59:59.121382,2026-03-23 18:59:59.121382,28.41,23.776869,84.234076,True
357b3d8c-1e15-45e1-9818-8b9f4c3c574d,R079,accident,4,2026-03-04 06:59:59.121382,2026-03-05 10:59:59.121382,32.15,31.39389,69.446073,True
e7f4f5db-2eea-447f-9d75-455e1eaf2721,R051,mechanical,2,2026-01-10 09:59:59.121382,2026-01-10 19:59:59.121382,26.69,9.587604,78.295443,True
a6bd04b4-d746-40b2-9c8d-7d4a69f56cf4,R065,strike,4,2026-02-19 07:59:59.121382,2026-02-19 17:59:59.121382,43.78,30.571838,95.295226,True
3f13f055-3a47-40cb-ae58-91fd8e64e2d0,R033,accident,5,2026-04-11 05:59:59.121382,2026-04-13 22:59:59.121382,16.69,11.089986,87.962371,True
0ddb6a06-9b0c-4b2c-8e0f-9cc8c4264c4c,R028,road_closure,3,2025-11-27 10:59:59.121382,2025-11-27 23:59:59.121382,21.44,24.814355,86.208051,True
d5960c85-5776-40f8-be6e-8887a1ec1708,R061,congestion,1,2026-04-11 19:59:59.121382,2026-04-12 16:59:59.121382,9.49,24.380402,73.210052,True
1e68cb46-46d0-4390-b870-e63e6c05232d,R145,congestion,4,2026-03-04 18:59:59.121382,2026-03-04 20:59:59.121382,46.96,11.795553,74.831412,True
d08371e1-1bd5-495f-b69e-168002c60989,R025,congestion,1,2026-03-18 16:59:59.121382,2026-03-19 14:59:59.121382,13.88,14.242802,91.522032,True
6ae7fd75-5409-4bea-96aa-99270a44b2e6,R106,strike,1,2026-02-08 11:59:59.121382,2026-02-10 13:59:59.121382,46.33,10.581282,82.834244,True
99f882ee-072a-4c58-8e24-585c7d05bcbd,R046,road_closure,2,2025-11-25 12:59:59.121382,2025-11-27 02:59:59.121382,48.56,25.954521,72.622452,True
c061986a-5e0d-46d7-87dd-2abe56920c44,R021,accident,1,2025-10-25 17:59:59.121382,2025-10-26 19:59:59.121382,42.69,22.919121,77.598766,True
a8093709-6c9c-4a00-a45a-b3d70761113d,R068,road_closure,5,2026-02-10 13:59:59.121382,2026-02-13 09:59:59.121382,45.88,14.576,95.013221,True
e49b5170-3f46-4992-bad5-eea910f9e567,R179,weather,5,2026-02-05 11:59:59.121382,2026-02-06 17:59:59.121382,21.66,36.770168,86.245258,True
999d93fe-1728-458a-9849-4f92d2b80956,R056,mechanical,1,2026-04-02 17:59:59.121382,2026-04-04 10:59:59.121382,19.17,13.818331,88.738967,True
6ac8d602-06ed-4893-9840-014f0d53ff4c,R194,weather,4,2026-02-04 00:59:59.121382,2026-02-05 17:59:59.121382,20.31,10.404523,85.980039,True
168913cb-8f71-450d-92fc-5091756f9ffc,R200,congestion,1,2025-12-31 01:59:59.121382,2026-01-02 07:59:59.121382,39.53,30.294161,75.70204,True
4e638001-a70f-44eb-ac1d-6201d6df9a7d,R074,strike,3,2025-12-16 17:59:59.121382,2025-12-18 16:59:59.121382,21.12,35.020211,73.999284,True
4bea9dcd-2e8d-48fe-ad2d-363f5c7b489a,R163,accident,3,2025-11-04 00:59:59.121382,2025-11-05 05:59:59.121382,27.13,34.970156,79.123454,True
347e247a-2eed-4721-b7b4-28b2ee5ecd1b,R054,accident,2,2025-12-14 09:59:59.121382,2025-12-15 15:59:59.121382,43.65,21.966085,87.736438,True
40701161-e77c-41a7-ab2c-b49bc0c17e0f,R136,congestion,3,2026-01-25 10:59:59.121382,2026-01-26 03:59:59.121382,45.65,31.233758,78.938185,True
9df52343-10f0-472d-9474-9c93a4ff8273,R165,congestion,4,2026-03-17 06:59:59.121382,2026-03-19 05:59:59.121382,35.25,19.008381,89.896752,True
3dfe78a0-d2b0-4123-9944-cc58b88cb015,R172,mechanical,4,2026-03-04 11:59:59.121382,2026-03-06 15:59:59.121382,6.78,24.41077,85.851026,True
4e91e276-5812-4e48-90e9-0660b5407180,R073,strike,4,2026-02-07 14:59:59.121382,2026-02-09 14:59:59.121382,9.21,26.506057,77.296334,True
f1a8fbc7-f1eb-4da7-93b4-4be449e60054,R058,congestion,3,2025-12-29 14:59:59.121382,2026-01-01 00:59:59.121382,39.07,24.510704,79.099147,True
74684fa2-528c-44d9-8eba-836996a75093,R058,weather,1,2025-11-30 11:59:59.121382,2025-12-01 02:59:59.121382,11.14,24.423364,90.135552,True
f349ad1f-f8d5-4148-b6f1-6775cbcd94fb,R141,mechanical,3,2026-03-05 11:59:59.121382,2026-03-06 03:59:59.121382,25.1,29.829087,81.739425,True
e4acf03b-98d3-4f4e-bc32-0d69415e6e4f,R003,road_closure,4,2026-01-27 11:59:59.121382,2026-01-29 22:59:59.121382,48.02,27.64172,88.376258,True
6b14dab6-63f9-4ab8-a91a-d6156e388b96,R051,mechanical,1,2026-03-22 15:59:59.121382,2026-03-23 06:59:59.121382,36.11,33.249473,80.233065,True
8f3ad04c-d791-4fe4-9422-995b5633fe34,R094,weather,5,2026-02-18 12:59:59.121382,2026-02-21 11:59:59.121382,30.97,11.259195,70.193281,True
bd1611c8-02d4-46f7-a415-a12d2eb39dea,R174,weather,4,2026-02-05 07:59:59.121382,2026-02-07 13:59:59.121382,27.89,11.8416,87.496197,True
31f163b3-189f-4af1-a442-3b9588c92e15,R033,weather,1,2026-01-13 04:59:59.121382,2026-01-13 09:59:59.121382,12.08,20.453989,81.650472,True
692a88ee-6abd-4534-862d-d8cad71f3fb4,R176,road_closure,4,2026-02-19 12:59:59.121382,2026-02-22 05:59:59.121382,46.78,14.958518,70.417993,True
46609a19-b585-4591-9ba9-7683f0a51620,R105,accident,3,2026-04-11 10:59:59.121382,2026-04-14 03:59:59.121382,42.41,9.125184,73.416403,True
70f0f2cb-27b0-4e01-8b8d-533214cd2526,R071,congestion,1,2025-12-22 12:59:59.121382,2025-12-23 18:59:59.121382,41.27,14.038722,75.264005,True
96f4ea8e-d665-4931-ab68-1afaea60c9f8,R167,accident,2,2026-03-29 04:59:59.121382,2026-03-29 20:59:59.121382,21.04,14.999141,70.277551,True
fd746a25-7897-4de2-bc85-03cc19e6de17,R052,weather,4,2025-11-26 08:59:59.121382,2025-11-26 17:59:59.121382,8.43,28.313191,79.65259,True
252f154f-c4e7-4a9d-8009-bf021583a313,R044,mechanical,4,2025-11-11 03:59:59.121382,2025-11-12 15:59:59.121382,16.67,8.273176,91.454996,True
49fadd13-004e-4789-b602-b0bc2e9ef15a,R109,strike,3,2025-12-02 09:59:59.121382,2025-12-05 00:59:59.121382,22.77,27.245117,90.735184,True
2ae8aebc-0bbd-4238-9af3-ab8c0285533c,R064,weather,2,2026-01-23 00:59:59.121382,2026-01-25 01:59:59.121382,25.14,31.063348,71.929341,True
29e464b2-f8c2-4106-b61c-80e8f03179e6,R069,road_closure,1,2025-11-25 04:59:59.121382,2025-11-25 13:59:59.121382,41.12,22.223024,71.472657,True
1f96b7e8-b2e3-474a-8cae-c82d7d33e09d,R014,mechanical,1,2026-01-21 11:59:59.121382,2026-01-23 10:59:59.121382,10.9,27.63572,90.576961,True
391b5fcc-5277-4a0a-bc90-2b40113eb525,R183,congestion,2,2025-12-12 17:59:59.121382,2025-12-13 16:59:59.121382,27.67,26.072,70.158424,True
dccc9e93-cc57-4276-be05-b387ee5f7fae,R065,strike,1,2025-12-29 10:59:59.121382,2026-01-01 02:59:59.121382,26.79,30.188091,80.550245,True
25bc548a-ffd3-453c-bec5-11eb71559fc3,R124,congestion,5,2026-01-23 16:59:59.121382,2026-01-26 03:59:59.121382,49.76,16.207018,69.101303,True
6b165415-d9dc-457a-9d37-91059d353268,R073,strike,4,2026-02-15 10:59:59.121382,2026-02-17 06:59:59.121382,42.73,16.978422,77.283194,True
a8f79718-c4ca-45c1-97d3-e193afcd0d72,R175,mechanical,1,2026-02-10 19:59:59.121382,2026-02-13 00:59:59.121382,13.6,36.948787,96.888747,True
4e0a8d54-e514-4725-b037-cb3e0c903454,R079,accident,1,2026-04-11 17:59:59.121382,2026-04-13 08:59:59.121382,9.73,28.995686,74.149301,True
6feddd9d-3fb5-4983-b9e9-a2e522e3e6c5,R043,road_closure,4,2026-01-10 03:59:59.121382,2026-01-12 23:59:59.121382,36.55,17.479905,68.313153,True
2a39f6e6-bfdb-46a5-ac0d-9771632838ce,R023,road_closure,5,2025-11-04 15:59:59.121382,2025-11-05 15:59:59.121382,39.45,24.93387,70.390565,True
97d28df8-9018-46fa-a22a-1c7ba12e90b0,R022,weather,1,2026-02-18 09:59:59.121382,2026-02-21 08:59:59.121382,28.72,34.436146,84.069659,True
a37a7b0d-fc30-40c9-88a2-7e11316071f8,R151,mechanical,2,2026-02-23 14:59:59.121382,2026-02-23 23:59:59.121382,39.84,36.539448,89.351364,True
08d268b8-fe81-4afe-9430-feaf90d86610,R035,weather,5,2026-02-16 07:59:59.121382,2026-02-17 17:59:59.121382,38.92,35.074201,88.878827,True
c8c8bd37-18b5-4355-a756-8e3b43a23d47,R006,mechanical,5,2026-01-14 07:59:59.121382,2026-01-15 11:59:59.121382,17.17,35.908594,93.816399,True
c1b24540-1661-4ab2-a363-6ae09bf1cbce,R078,congestion,3,2025-12-16 12:59:59.121382,2025-12-16 18:59:59.121382,37.85,17.118589,84.848089,True
fa555304-db33-4ac1-aef8-7d902451e4ff,R026,accident,4,2025-12-17 04:59:59.121382,2025-12-19 07:59:59.121382,43.69,28.622533,69.507017,True
4704676a-c524-4ea4-9fed-92699da16228,R198,mechanical,4,2026-01-23 14:59:59.121382,2026-01-25 09:59:59.121382,38.74,33.718115,78.97208,True
01e7d9a3-2217-45f0-9ddd-bd58597eefc6,R024,accident,5,2025-11-16 13:59:59.121382,2025-11-17 18:59:59.121382,40.1,14.775118,79.877267,True
c0f2a0d3-4abf-49a3-8925-bd840a5fac89,R093,strike,2,2025-11-20 00:59:59.121382,2025-11-20 02:59:59.121382,32.23,19.017804,82.556132,True
c60b7ff6-0491-4cd7-a7ff-0e93f6d8d8c4,R099,congestion,1,2025-11-26 05:59:59.121382,2025-11-26 06:59:59.121382,29.38,13.115945,91.569254,True
f7194bb3-1f16-4d20-8bf8-bd9b028e8fc1,R041,road_closure,3,2026-04-06 19:59:59.121382,2026-04-08 09:59:59.121382,11.1,35.4719,78.701514,True
30e25cc1-974c-464b-9443-05a949c21cd5,R138,mechanical,1,2025-11-03 08:59:59.121382,2025-11-04 14:59:59.121382,39.21,22.230136,80.719732,True
305581b6-dc7f-43fe-8079-495255755018,R180,accident,2,2026-03-29 11:59:59.121382,2026-03-31 03:59:59.121382,9.66,32.773484,90.667428,True
071ce973-888c-42ff-bb79-34ccbabe86c2,R069,weather,1,2026-02-09 12:59:59.121382,2026-02-10 01:59:59.121382,45.28,11.815394,76.766024,True
86de20d7-b4be-4e84-bc2e-f4d1f7027cdc,R024,road_closure,1,2026-04-17 10:59:59.121382,2026-04-19 08:59:59.121382,8.29,17.952042,84.285946,True
763d1069-ec16-4230-a1ec-bd2e6bb22351,R103,strike,2,2026-02-08 00:59:59.121382,2026-02-10 07:59:59.121382,48.57,12.772766,89.856735,True
2d515ac4-826a-458e-9793-9c125d1eeb5f,R064,strike,2,2026-03-28 22:59:59.121382,2026-03-30 13:59:59.121382,41.56,33.020353,72.724177,True
54e0656d-4092-48b7-844c-aa418a60345f,R157,weather,1,2026-03-02 13:59:59.121382,2026-03-03 00:59:59.121382,7.27,17.29922,84.017802,True
98945d9b-0a09-4b5f-9083-3f138d7378d5,R111,accident,5,2025-12-01 18:59:59.121382,2025-12-02 05:59:59.121382,23.4,17.447607,91.693014,True
86236556-07e7-4874-a263-aaca50bd9d99,R056,mechanical,5,2025-10-28 09:59:59.121382,2025-10-30 08:59:59.121382,10.55,33.97368,71.65844,True
3ec3b6cb-aa31-4cdf-85a6-42dbd24586be,R064,accident,2,2026-01-30 06:59:59.121382,2026-02-01 18:59:59.121382,34.66,30.144489,96.785334,True
61455b73-1f1f-434b-b0df-d54d05fef477,R025,accident,5,2026-02-22 02:59:59.121382,2026-02-23 19:59:59.121382,17.76,22.618032,83.801569,True
97758cf4-2f40-4e1c-8eac-28a4bb2900ba,R175,weather,4,2026-02-11 03:59:59.121382,2026-02-11 09:59:59.121382,12.23,11.077771,82.290659,True
3766570f-870c-422e-be8f-16b66c6aae89,R131,weather,3,2026-02-20 16:59:59.121382,2026-02-21 21:59:59.121382,33.37,36.020546,91.246965,True
657a631e-e6f1-42fb-8355-9216ae00351f,R110,strike,5,2026-04-04 10:59:59.121382,2026-04-06 22:59:59.121382,18.39,34.498097,92.15683,True
bf90e9d2-cc6f-42a4-b378-68db229c7dff,R196,weather,2,2026-03-15 13:59:59.121382,2026-03-17 07:59:59.121382,21.32,23.271253,76.79515,True
ee20be92-109b-4fe3-b810-12d9d69ac90d,R024,road_closure,2,2026-02-15 03:59:59.121382,2026-02-15 20:59:59.121382,14.35,25.623181,79.677465,True
c84e03c5-b9fe-4097-92e0-3ab6a9456826,R051,congestion,2,2026-02-19 15:59:59.121382,2026-02-21 13:59:59.121382,13.48,24.708621,84.056657,True
aaa77808-66b0-4686-9126-c6f6b604b917,R181,road_closure,5,2026-01-31 20:59:59.121382,2026-02-01 00:59:59.121382,29.01,15.786502,86.972838,True
1d1ffe7f-c9bf-49ec-b5e8-b1ec55f3b5b2,R112,strike,4,2026-02-26 04:59:59.121382,2026-02-26 21:59:59.121382,25.47,22.86471,75.765455,True
24c9e9cd-cc0d-4b98-a63e-a3a15962822f,R150,road_closure,3,2025-12-30 08:59:59.121382,2025-12-31 11:59:59.121382,27.33,17.550317,69.223814,True
be60e8e4-85de-4030-873d-f41a864938d3,R080,road_closure,2,2025-12-21 23:59:59.121382,2025-12-22 18:59:59.121382,13.87,36.562944,95.427467,True
efed0c54-de1a-45aa-90e4-4215bf52ff4c,R058,strike,1,2025-10-31 23:59:59.121382,2025-11-02 18:59:59.121382,21.79,32.638405,81.923913,True
4f3a516e-6def-4b53-9834-6babd3b91a8a,R189,weather,5,2025-11-29 01:59:59.121382,2025-11-30 20:59:59.121382,16.84,20.253642,76.651795,True
2b4ae83b-197e-4593-b82f-e6ff3357cec4,R195,mechanical,4,2025-12-01 08:59:59.121382,2025-12-01 15:59:59.121382,12.87,10.587443,80.498509,True
948409fa-c136-47ae-82bd-da6d52d35c71,R082,road_closure,2,2025-10-25 09:59:59.121382,2025-10-26 16:59:59.121382,17.88,10.747429,96.300255,True
5eb5348a-161f-46c3-a477-ae4c3246cf3a,R128,road_closure,4,2026-01-04 11:59:59.121382,2026-01-05 06:59:59.121382,36.03,11.728808,68.533049,True
ca2e580b-5884-4dfd-883c-863702f2f18a,R073,accident,1,2026-01-16 15:59:59.121382,2026-01-17 14:59:59.121382,31.33,21.602161,82.628318,True
82d381fb-14f1-44bd-89bc-a39de7f080fc,R059,strike,3,2026-02-22 03:59:59.121382,2026-02-24 10:59:59.121382,24.52,10.064227,70.596086,True
d2c9f5ae-6339-4e2a-96cf-66101f597fb5,R045,strike,1,2026-03-31 08:59:59.121382,2026-04-01 05:59:59.121382,18.45,27.949393,93.05469,True
183fa47b-0a9f-4fd7-abbb-d2897e2c8693,R113,strike,2,2026-02-16 19:59:59.121382,2026-02-19 16:59:59.121382,11.68,13.452456,86.940965,True
b02985f5-68b1-490c-a90c-bfd3a0dbfc69,R181,strike,1,2026-01-04 00:59:59.121382,2026-01-05 23:59:59.121382,14.73,33.748315,88.38676,True
1e6024a5-37ed-4dbb-8903-d59508078024,R064,road_closure,2,2026-02-21 15:59:59.121382,2026-02-21 16:59:59.121382,15.24,34.00565,74.110493,True
79a6f0be-8a5b-4251-9ca5-598052ed0a11,R161,strike,5,2025-12-20 23:59:59.121382,2025-12-21 13:59:59.121382,39.74,29.854694,95.713544,True
e64f6863-3087-488e-a9f5-fb1810859c1d,R085,weather,4,2026-03-31 22:59:59.121382,2026-04-02 17:59:59.121382,25.64,13.658156,93.885729,True
45f26142-cadd-455a-be72-cc5f05d53c07,R038,congestion,1,2026-03-23 12:59:59.121382,2026-03-26 00:59:59.121382,19.42,36.528224,95.860728,True
aca1f567-1a06-42a5-9047-6d73fcaf7b9b,R174,weather,1,2025-12-19 13:59:59.121382,2025-12-21 09:59:59.121382,42.65,18.829893,79.122501,True
e6f6faab-6665-471e-89f0-d8cc6d13e764,R055,congestion,1,2025-11-11 22:59:59.121382,2025-11-14 20:59:59.121382,31.22,16.945607,68.581334,True
ea912833-be8c-45b2-b2e6-b2cbf62de826,R097,road_closure,4,2025-12-04 03:59:59.121382,2025-12-05 20:59:59.121382,20.43,33.275004,80.955446,True
82778580-2dee-42e9-a98d-0cf4821b492d,R162,weather,4,2026-01-24 14:59:59.121382,2026-01-25 03:59:59.121382,48.26,27.681143,80.205999,True
a80f2f09-b714-4116-b0bb-3530b35e601c,R067,road_closure,4,2026-02-09 03:59:59.121382,2026-02-11 18:59:59.121382,30.63,19.521447,77.768583,True
1dce247c-205a-4b9b-8ba5-121df9f924d3,R146,road_closure,1,2025-12-29 19:59:59.121382,2025-12-31 23:59:59.121382,17.43,22.684166,96.173974,True
bf462501-66ff-498d-933f-574de16d12d2,R038,accident,2,2026-03-27 02:59:59.121382,2026-03-27 06:59:59.121382,30.27,15.354853,93.628268,True
67ef1ac7-254e-4c72-af0d-4394b9c09172,R200,strike,5,2025-10-30 04:59:59.121382,2025-11-01 18:59:59.121382,38.68,17.793855,83.928786,True
e9c64127-f1df-4cfb-b063-58f72ab9a432,R073,congestion,4,2025-12-27 18:59:59.121382,2025-12-29 21:59:59.121382,40.52,35.814256,95.001618,True
f13102b9-a429-4358-b63b-9e9f090433f3,R152,weather,5,2025-12-12 20:59:59.121382,2025-12-13 17:59:59.121382,27.51,11.458878,74.512889,True
05908b89-71a9-4d9f-b160-c5e053bc066b,R160,road_closure,4,2026-02-08 17:59:59.121382,2026-02-09 02:59:59.121382,39.73,16.480037,93.37202,True
5f1f489d-9e67-4a18-a420-28bdd96388bb,R020,accident,1,2026-02-10 10:59:59.121382,2026-02-13 06:59:59.121382,47.56,32.05967,88.414163,True
860c0084-3ad5-4252-a006-6f232e24b7c8,R154,strike,1,2025-11-07 14:59:59.121382,2025-11-08 17:59:59.121382,41.48,22.729025,83.328942,True
6cd9bc42-c2e3-4561-860b-488f8b04546d,R110,congestion,5,2026-02-10 02:59:59.121382,2026-02-11 09:59:59.121382,46.39,22.50885,93.928887,True
08af798c-5abc-49e3-a5af-7f6843e3022c,R032,weather,4,2026-01-26 01:59:59.121382,2026-01-26 20:59:59.121382,36.8,35.590495,86.047182,True
b0416af7-48aa-4bea-b4f4-0ea21fc5f264,R080,mechanical,4,2026-01-19 16:59:59.121382,2026-01-22 03:59:59.121382,22.75,28.459403,87.481599,True
4f41ca71-34fe-4a45-82f7-04eb4343df20,R009,weather,1,2026-03-25 10:59:59.121382,2026-03-27 06:59:59.121382,37.88,27.578767,80.106,True
dfabaf36-c3aa-417d-89ae-613a13f6335f,R123,weather,1,2026-04-15 18:59:59.121382,2026-04-18 01:59:59.121382,49.89,9.387326,92.654986,True
89be5b68-b239-4c10-8302-7d19ec780950,R065,congestion,5,2025-12-07 00:59:59.121382,2025-12-08 01:59:59.121382,12.92,29.310665,76.832686,True
62bfef31-0df5-4321-89d0-226b90a51aff,R178,road_closure,1,2025-12-31 09:59:59.121382,2026-01-02 18:59:59.121382,44.64,32.58157,90.375522,True
0e9ae78c-54fe-4ac6-9381-d0ec565389fe,R169,mechanical,3,2026-02-17 11:59:59.121382,2026-02-18 19:59:59.121382,25.18,19.51842,75.1131,True
c20a3266-beed-4751-9cb5-82cf1496970a,R144,strike,1,2026-02-16 14:59:59.121382,2026-02-18 22:59:59.121382,36.08,24.410029,72.559834,True
654d0b29-039f-4895-a348-a7d2879a591e,R121,mechanical,2,2025-12-05 18:59:59.121382,2025-12-07 20:59:59.121382,6.84,11.267532,84.729615,True
637a2f31-6eb8-4cbd-ad78-7eca2fbca6dd,R056,accident,3,2025-12-01 00:59:59.121382,2025-12-01 23:59:59.121382,10.79,34.739415,71.031309,True
b7195842-1c32-409d-b110-1e8f4dff1594,R155,mechanical,2,2026-02-03 11:59:59.121382,2026-02-05 04:59:59.121382,12.41,20.71066,75.618106,True
4d11036d-d429-413c-892a-aa9eb1d92d88,R118,strike,1,2025-10-24 01:59:59.121382,2025-10-26 03:59:59.121382,41.55,12.276137,70.124123,True
f973d6e3-b787-49a6-80a6-1fcf8d4c753b,R059,weather,1,2026-04-09 23:59:59.121382,2026-04-11 16:59:59.121382,32.97,26.626067,69.112485,True
9a64ea79-daf2-4ea0-8a27-b6577853af7d,R069,road_closure,1,2026-03-22 18:59:59.121382,2026-03-23 00:59:59.121382,36.18,16.045375,86.641259,True
431bfc4b-75d0-48c2-b9a0-feb757ee9900,R144,road_closure,5,2026-02-03 14:59:59.121382,2026-02-05 13:59:59.121382,28.29,33.602258,83.306551,True
8c220dd4-3c81-42ac-8533-5f0253ae15e0,R154,accident,1,2025-11-15 22:59:59.121382,2025-11-15 23:59:59.121382,28.84,9.549603,95.18896,True
4cd0a181-5335-4dec-861a-f3f05f0a4458,R163,congestion,5,2026-03-22 20:59:59.121382,2026-03-24 15:59:59.121382,42.7,17.039396,76.880938,True
d5bbfd29-518d-4915-b753-c9ff50426a30,R074,strike,1,2025-11-26 00:59:59.121382,2025-11-27 12:59:59.121382,25.79,24.88947,71.678474,True
fdf82370-fe08-4e49-ac81-040fccb51530,R109,accident,4,2026-01-27 14:59:59.121382,2026-01-28 23:59:59.121382,30.22,10.899572,68.97283,True
b9e191f4-3867-425e-b839-a546d7dedf21,R104,strike,4,2026-01-28 12:59:59.121382,2026-01-30 18:59:59.121382,42.84,30.098949,83.583997,True
6d3bc4b2-9822-466f-800e-421374d88c40,R053,road_closure,4,2026-03-06 05:59:59.121382,2026-03-07 18:59:59.121382,11.4,12.192812,88.162494,True
f1aad52f-99e8-4cd3-97a7-f288c9624786,R189,road_closure,3,2026-03-02 08:59:59.121382,2026-03-02 09:59:59.121382,45.64,8.155121,89.698925,True
09d10a47-57d2-449d-9e04-064401443d64,R040,mechanical,3,2025-10-24 16:59:59.121382,2025-10-27 04:59:59.121382,5.04,23.296237,72.092657,True
c840dabe-8fbb-45c3-b592-c1b48f5c6d85,R090,accident,5,2026-01-21 08:59:59.121382,2026-01-22 12:59:59.121382,35.34,24.815193,72.712954,True
c5ccd4ae-4c17-4e26-a834-51b28b53505c,R056,accident,3,2026-03-20 09:59:59.121382,2026-03-22 02:59:59.121382,5.62,20.897921,69.346576,True
cb2ff824-2f15-4b1c-a286-c5dbc5153cf6,R042,weather,4,2026-02-04 18:59:59.121382,2026-02-06 06:59:59.121382,16.12,11.717454,80.335338,True
919d36c5-1b80-4092-bb36-c5072e10cc10,R061,mechanical,1,2026-04-03 21:59:59.121382,2026-04-04 12:59:59.121382,47.13,10.347541,84.737977,True
2f068727-35f5-438f-9731-6e8983535151,R057,weather,2,2026-03-20 05:59:59.121382,2026-03-22 12:59:59.121382,20.24,32.37161,86.792918,True
a199d59f-b4cd-42d2-ad0e-d1eac3b42d63,R182,road_closure,1,2026-03-23 11:59:59.121382,2026-03-23 16:59:59.121382,20.35,17.692245,68.74653,True
a36eb8c1-299d-4d11-b2af-2c23b85256b6,R071,mechanical,3,2025-10-30 14:59:59.121382,2025-10-31 00:59:59.121382,44.56,21.209549,68.893914,True
8bf1e851-5e59-47ee-9643-92592f615aaa,R060,mechanical,3,2026-03-06 05:59:59.121382,2026-03-06 18:59:59.121382,29.7,8.707339,84.861322,True
cc259f1b-5ef0-4586-b132-76abcc6c19cb,R188,weather,4,2026-04-18 07:59:59.121382,2026-04-19 11:59:59.121382,15.51,35.168749,72.771236,True
3aaf254c-cd44-4fbf-a0aa-6a4060dd041a,R144,road_closure,1,2026-02-03 12:59:59.121382,2026-02-06 09:59:59.121382,43.46,11.102747,88.864339,True
c74e825d-784c-404a-9a62-8db07cad9ada,R044,congestion,3,2025-11-18 20:59:59.121382,2025-11-21 08:59:59.121382,21.31,21.954456,81.325566,True
73265ea9-c85a-41ff-b96e-94b3352ea975,R059,strike,2,2026-01-14 20:59:59.121382,2026-01-17 09:59:59.121382,47.9,10.040675,86.299991,True
d1d71c91-cdfc-42cf-a605-4032e8549648,R167,accident,5,2026-01-17 15:59:59.121382,2026-01-19 02:59:59.121382,22.66,13.342377,80.668941,True
a2e19869-e84d-4a9e-bb66-73f719a3e48e,R176,strike,2,2025-12-10 05:59:59.121382,2025-12-11 19:59:59.121382,14.34,23.318572,87.194473,True
df6a7695-c7f2-489b-a48f-f87d2a54ef36,R086,mechanical,1,2025-12-16 13:59:59.121382,2025-12-19 03:59:59.121382,10.93,14.86047,89.169804,True
b5efcf9e-56e0-4a4d-9c9b-ce34c21b6677,R184,road_closure,3,2025-11-28 09:59:59.121382,2025-11-28 16:59:59.121382,34.06,34.470834,71.432505,True
8ce7b5f5-516c-41d9-8dcc-36c3b522e345,R135,strike,3,2025-11-08 01:59:59.121382,2025-11-10 08:59:59.121382,13.85,14.709113,71.954762,True
c20c56c8-bb82-421f-bdd3-c4a22c877b62,R122,accident,5,2025-10-31 21:59:59.121382,2025-11-02 05:59:59.121382,49.3,13.305124,80.471605,True
f60b6f24-be45-498d-9b0b-a1a17a986a21,R135,accident,3,2025-12-07 18:59:59.121382,2025-12-09 10:59:59.121382,29.46,33.870156,83.530136,True
44c67137-e49f-4aca-875b-0b246f0b3576,R114,strike,4,2025-12-08 21:59:59.121382,2025-12-09 23:59:59.121382,44.95,21.259682,83.939047,True
d0e10695-b7c3-4d14-a23d-760a2ae9661d,R031,road_closure,3,2025-11-28 12:59:59.121382,2025-11-29 06:59:59.121382,11.77,17.181471,79.604503,True
f81b6fb8-45f4-4e3a-bc9e-e57ec882eb52,R155,congestion,4,2025-10-30 05:59:59.121382,2025-10-31 16:59:59.121382,27.07,32.61426,88.475685,True
9862eb35-e5c0-45b4-b436-7ea32c139295,R143,road_closure,4,2025-11-09 17:59:59.121382,2025-11-11 20:59:59.121382,26.54,30.668926,90.010877,True
e3c2de4a-3194-4802-a250-04e03a7175a1,R193,congestion,5,2026-01-23 11:59:59.121382,2026-01-24 12:59:59.121382,41.26,31.52153,70.539692,True
671467a2-6e1d-4642-bb69-66678326a946,R184,mechanical,3,2026-04-07 02:59:59.121382,2026-04-07 09:59:59.121382,35.63,8.068077,75.099196,True
8976d803-84d8-4a08-b1af-c57ecaee2453,R087,road_closure,3,2026-01-18 07:59:59.121382,2026-01-21 06:59:59.121382,8.58,28.650088,73.17507,True
129e33ae-02a5-4777-9293-32515c1555d6,R051,weather,4,2026-02-14 02:59:59.121382,2026-02-15 05:59:59.121382,9.27,26.227777,70.756167,True
c5c577ff-91ef-4069-9b61-316f68d67f5b,R100,road_closure,5,2025-12-22 12:59:59.121382,2025-12-22 18:59:59.121382,20.81,20.908093,71.280942,True
b0d20be0-ff5a-44c1-ba7c-b418374f9010,R189,mechanical,2,2026-01-06 18:59:59.121382,2026-01-08 19:59:59.121382,48.6,12.208062,94.227053,True
d14736d5-9374-4fa5-9a5a-10277096c17e,R172,mechanical,2,2026-02-25 08:59:59.121382,2026-02-26 13:59:59.121382,8.55,18.026177,72.970551,True
c686e4ee-a22f-4f25-a753-b10ff71f2cfb,R111,mechanical,3,2026-01-09 11:59:59.121382,2026-01-12 05:59:59.121382,15.98,33.517957,96.992497,True
291c6b58-b230-48e0-937b-4bbb3b07f64a,R190,strike,5,2026-03-28 07:59:59.121382,2026-03-29 22:59:59.121382,6.39,21.585376,85.350876,True
16b28530-249b-4a26-9a19-41d1167b7a3c,R158,road_closure,2,2025-11-18 22:59:59.121382,2025-11-21 03:59:59.121382,28.23,12.687493,94.269632,True
0ee6c8e1-f41d-404a-b075-9ab4b40e1896,R125,weather,1,2026-02-07 06:59:59.121382,2026-02-08 23:59:59.121382,14.02,29.219453,88.56624,True
3b02ec0a-f49b-4148-b687-c76d644426db,R091,congestion,4,2026-02-16 17:59:59.121382,2026-02-17 06:59:59.121382,40.65,30.734623,81.144591,True
82322e55-7216-4879-94db-cb4bcac2b1e2,R029,weather,5,2026-04-11 01:59:59.121382,2026-04-13 03:59:59.121382,14.43,11.387319,75.921629,True
cc376d32-9da2-426c-97e5-6c7f1161f640,R196,weather,2,2025-11-19 09:59:59.121382,2025-11-19 20:59:59.121382,30.58,10.776872,94.7546,True
7abfedbb-9409-429e-9d85-952657fa21ae,R184,strike,4,2026-04-19 03:59:59.121382,2026-04-20 10:59:59.121382,25.17,9.151625,92.342833,True
e82ea45d-9335-4f62-b340-8719a5a73953,R141,strike,3,2025-12-14 04:59:59.121382,2025-12-16 22:59:59.121382,37.53,31.294639,75.888075,True
a3bb1c88-4c93-471b-9a62-2f0f655b3f9a,R023,congestion,4,2026-03-23 18:59:59.121382,2026-03-25 22:59:59.121382,5.48,29.609199,74.193452,True
dde5bac9-13d8-4cf8-953a-6bcc12bf9a7a,R125,mechanical,3,2026-01-03 09:59:59.121382,2026-01-06 00:59:59.121382,17.11,32.679109,90.538923,True
b2b2e47c-3981-4544-996c-11338bf2e50b,R010,congestion,4,2026-04-14 10:59:59.121382,2026-04-17 03:59:59.121382,36.73,15.780005,69.188368,True
2fc1da11-2ed6-430f-96d4-f473979f34e6,R033,mechanical,5,2026-03-06 00:59:59.121382,2026-03-08 17:59:59.121382,10.73,33.235704,72.020923,True
4afb8983-3a4f-4cdf-97d4-69c404e747b9,R025,weather,4,2026-02-17 14:59:59.121382,2026-02-17 15:59:59.121382,33.92,18.392514,73.312749,True
f2054d9c-3f2d-4375-bbb7-024d29361ccf,R086,strike,4,2025-10-23 23:59:59.121382,2025-10-25 22:59:59.121382,5.67,12.922996,96.003942,True
27d7fb10-c6d7-4965-b578-55f638b52047,R187,weather,1,2026-01-27 04:59:59.121382,2026-01-28 14:59:59.121382,19.9,28.74765,70.006052,True
666abcbe-f318-44ad-83db-9e965f861d8e,R041,mechanical,2,2026-01-13 12:59:59.121382,2026-01-13 22:59:59.121382,19.12,18.722397,82.095669,True
ad8fa67b-78a0-42cd-b651-ffc699598a7d,R017,strike,1,2025-12-28 23:59:59.121382,2025-12-30 11:59:59.121382,37.84,27.161094,95.567585,True
bc412ef1-659b-4f61-a772-dc6b1824adc6,R074,strike,5,2025-12-26 21:59:59.121382,2025-12-27 23:59:59.121382,8.74,23.436827,94.254333,True
ff871ecc-ecb4-4673-896c-36e8bf700f5d,R125,strike,1,2026-02-28 16:59:59.121382,2026-03-01 06:59:59.121382,45.98,19.198522,95.67751,True
43058486-35e9-4970-9a44-8276cabc4a22,R138,congestion,1,2026-02-14 06:59:59.121382,2026-02-16 08:59:59.121382,48.82,22.488934,76.851221,True
de440450-3afb-4e59-9ee7-2f2fb534094f,R110,mechanical,4,2026-04-03 01:59:59.121382,2026-04-04 16:59:59.121382,31.77,17.070061,91.977406,True
ae3eebbf-6c7c-42fd-9ce9-7160b757c92d,R112,accident,5,2026-01-26 16:59:59.121382,2026-01-28 07:59:59.121382,5.01,26.993292,76.215599,True
04d0c15b-4d94-4403-a2ef-8da694e01c6a,R173,congestion,2,2025-12-21 23:59:59.121382,2025-12-24 02:59:59.121382,30.25,23.085305,84.446733,True
e621e9e3-1924-429b-8ad3-26e946fc1651,R190,road_closure,4,2026-01-25 22:59:59.121382,2026-01-28 09:59:59.121382,29.25,19.491173,95.950712,True
7979e227-8204-4365-a2c7-b771bab0ffcd,R138,accident,5,2026-02-19 08:59:59.121382,2026-02-19 18:59:59.121382,6.0,18.844223,95.577299,True
89c25d21-dcd4-4c6b-9358-f2af578cfaf4,R191,congestion,3,2026-02-17 12:59:59.121382,2026-02-19 23:59:59.121382,9.64,23.492392,91.890251,True
dd56fb1c-c2f8-45ba-93cf-9ea81f4d49e1,R048,congestion,4,2026-01-12 17:59:59.121382,2026-01-14 03:59:59.121382,40.25,19.163803,79.666546,True
f55072c2-7731-4da9-9571-48575b2d8d3c,R181,congestion,2,2026-01-16 10:59:59.121382,2026-01-18 03:59:59.121382,5.88,35.194508,70.646298,True
2c495805-1b93-49cf-bb1c-78bffc2a09d1,R095,congestion,3,2026-01-19 02:59:59.121382,2026-01-21 22:59:59.121382,15.81,26.875125,73.767859,True
92b6bf87-e8be-4dce-92ab-19284bfd4b7c,R119,strike,1,2025-12-09 02:59:59.121382,2025-12-09 10:59:59.121382,7.54,13.742897,71.889469,True
0482a747-f3a5-4430-b129-8b5012b4b710,R175,weather,3,2026-01-28 06:59:59.121382,2026-01-28 16:59:59.121382,15.84,16.375489,72.328772,True
e7425a9c-25aa-41d9-83ca-9b58422eaa13,R189,accident,4,2026-04-11 21:59:59.121382,2026-04-12 14:59:59.121382,15.38,28.160697,71.487279,True
46b03878-a801-483b-8fd1-4b3d1d34c563,R118,road_closure,5,2025-11-12 03:59:59.121382,2025-11-12 14:59:59.121382,46.89,27.82418,68.082422,True
327cfc72-4a70-4443-8e6f-5721544cbdf3,R165,road_closure,2,2026-01-21 13:59:59.121382,2026-01-24 05:59:59.121382,44.37,35.458434,81.56008,True
3891204a-59ed-4d43-8126-e8fb739251c7,R128,strike,5,2025-11-15 15:59:59.121382,2025-11-16 08:59:59.121382,35.99,18.642946,71.077637,True
6e174092-8d87-4c8d-a8d9-5197bae89f97,R012,road_closure,2,2026-02-19 05:59:59.121382,2026-02-20 15:59:59.121382,20.75,10.830944,94.036078,True
091ea693-a7f3-421d-b0fe-8b29ebe47278,R025,accident,3,2026-02-01 05:59:59.121382,2026-02-01 11:59:59.121382,28.7,8.13063,77.085004,True
3fb44c3e-54d0-439b-b3f3-c4a062a035b6,R093,mechanical,5,2026-02-21 22:59:59.121382,2026-02-24 12:59:59.121382,36.96,26.24441,72.427087,True
98f5a6ce-2e9f-4e7d-a8dd-7df36aeb609a,R114,accident,5,2026-02-18 05:59:59.121382,2026-02-18 20:59:59.121382,31.59,27.41295,74.267939,True
6e4fac73-1bef-4195-ad4f-1660f32e9df9,R191,congestion,4,2025-12-18 09:59:59.121382,2025-12-19 21:59:59.121382,16.33,19.972343,92.93578,True
8a190fea-cb69-415e-baec-df37e33e04e6,R168,weather,5,2026-02-24 15:59:59.121382,2026-02-26 15:59:59.121382,31.85,9.007458,77.276508,True
3d8c0921-24dc-410c-b4ff-4860974c7ced,R148,road_closure,1,2026-02-09 07:59:59.121382,2026-02-11 13:59:59.121382,11.02,31.649145,82.347873,True
ef67ef5c-3646-4e0a-80e9-7f4f449cb799,R093,weather,4,2025-10-27 17:59:59.121382,2025-10-30 01:59:59.121382,6.19,20.250928,79.544528,True
ed130190-5f4e-448e-a892-c202251c241a,R173,weather,3,2025-12-08 09:59:59.121382,2025-12-08 20:59:59.121382,35.25,11.699476,94.195733,True
39e95e19-107f-4837-b11d-caca831e7dbe,R140,road_closure,2,2026-04-01 09:59:59.121382,2026-04-02 21:59:59.121382,39.71,10.05657,73.491465,True
78364504-7e18-45bd-863e-bb00f1007c72,R140,accident,3,2025-12-17 19:59:59.121382,2025-12-20 01:59:59.121382,40.47,8.821786,92.027378,True
4a07acfc-2744-4f93-b885-42fc2f96491f,R137,mechanical,5,2026-04-20 15:59:59.121382,2026-04-21 13:59:59.121382,23.83,13.180237,77.794692,False
ff06f180-c616-462b-9993-ef0b49df27a4,R195,accident,3,2026-01-29 14:59:59.121382,2026-02-01 00:59:59.121382,18.44,25.547947,79.4766,True
8fa930de-e538-4b97-996b-06c0ef2f9f2a,R055,weather,3,2026-02-22 15:59:59.121382,2026-02-25 06:59:59.121382,36.33,22.354501,71.797006,True
a19c7288-f86f-4e96-8b4c-888a81a9fa81,R072,weather,5,2026-01-17 06:59:59.121382,2026-01-19 11:59:59.121382,43.89,11.652279,94.189828,True
67a71c3b-435c-4880-9d8a-cf4617f887c8,R103,mechanical,5,2025-11-30 06:59:59.121382,2025-12-02 00:59:59.121382,47.34,30.788446,81.411248,True
a79623d5-505d-46ad-8c76-1f4bafce8e3d,R017,accident,5,2026-02-23 16:59:59.121382,2026-02-25 16:59:59.121382,26.05,24.080184,73.214137,True
023a03f6-9ebe-44a0-93da-aec59a4e5f6f,R117,weather,4,2026-02-08 20:59:59.121382,2026-02-10 06:59:59.121382,7.22,26.752013,92.070948,True
9e9bc853-8e33-4c7d-9b6b-304bac232d40,R073,accident,1,2026-04-09 21:59:59.121382,2026-04-10 16:59:59.121382,7.33,16.175957,83.394912,True
e27d24da-ae58-4623-873a-550d39d2c5ec,R089,weather,1,2025-11-28 07:59:59.121382,2025-11-28 13:59:59.121382,34.29,26.159048,88.413489,True
48736db6-c9b5-4e7d-8f2c-779f3ff6ccbc,R169,strike,1,2025-11-30 20:59:59.121382,2025-12-02 23:59:59.121382,22.86,12.533612,80.673978,True
982b1de0-a3c3-4285-98f1-3836ddb95e5f,R099,accident,2,2026-03-10 16:59:59.121382,2026-03-11 19:59:59.121382,20.33,22.506713,72.657491,True
cfefc5fa-505a-4467-a810-eca5a31fdcb1,R077,road_closure,3,2026-01-24 15:59:59.121382,2026-01-26 16:59:59.121382,48.9,15.480246,82.253913,True
aec3b43b-f537-40b0-98f3-d767967fa1f7,R192,road_closure,1,2026-01-03 08:59:59.121382,2026-01-03 15:59:59.121382,38.58,30.234452,96.117149,True
0616b014-0809-42c0-a9c6-39a38d0764e6,R115,weather,3,2025-11-08 21:59:59.121382,2025-11-10 13:59:59.121382,48.06,21.047471,92.892828,True
e61a0316-9a4f-4c21-88b6-73677a70f23b,R181,mechanical,2,2025-12-23 14:59:59.121382,2025-12-24 04:59:59.121382,5.17,21.179999,74.069345,True
26af4661-9abf-4cea-bf95-df0a306e4c33,R053,accident,4,2026-03-15 02:59:59.121382,2026-03-17 22:59:59.121382,25.35,36.438798,78.157899,True
e069fd65-e6a1-4fca-a1a2-1c181a30a24b,R060,accident,4,2026-04-13 16:59:59.121382,2026-04-15 09:59:59.121382,16.41,12.346021,84.583034,True
46888960-cc02-4548-8318-8cdccf3b5882,R096,accident,3,2025-11-04 08:59:59.121382,2025-11-04 13:59:59.121382,6.37,8.045803,93.273709,True
9ed0e203-8566-413d-a4a3-f2955f49e1a1,R182,congestion,5,2026-04-13 19:59:59.121382,2026-04-15 03:59:59.121382,25.25,35.883491,75.155675,True
192be7fe-79b7-413a-85f7-43bc8d6f1228,R128,congestion,4,2026-02-18 06:59:59.121382,2026-02-20 03:59:59.121382,13.08,26.966669,80.070294,True
8d80abe0-6f1c-426d-bb8f-d55c7ae26d0c,R174,mechanical,1,2026-01-31 09:59:59.121382,2026-01-31 16:59:59.121382,37.88,33.997713,86.450346,True
f70a2e8d-5d73-4bca-8b5a-3a5e5322df31,R141,weather,1,2026-02-23 00:59:59.121382,2026-02-23 16:59:59.121382,45.57,17.569272,95.903391,True
57dfee31-d1ec-4110-85fe-3adabd62ef0f,R182,mechanical,3,2026-02-27 20:59:59.121382,2026-02-28 23:59:59.121382,9.3,25.729353,95.95757,True
4637b1c8-57df-460f-83d0-5b4f93d5b086,R044,accident,4,2025-11-24 14:59:59.121382,2025-11-27 06:59:59.121382,8.83,33.324376,88.442423,True
2d18c5d6-36e8-4e8a-a9ba-275a26104bb7,R097,accident,5,2026-03-05 05:59:59.121382,2026-03-07 02:59:59.121382,46.95,15.190041,94.905953,True
0d8a285e-aac7-4c1a-bf09-7752b2d19cbe,R013,congestion,4,2026-01-10 20:59:59.121382,2026-01-12 08:59:59.121382,26.09,31.498796,71.916106,True
cdd62c50-e522-404e-b0df-c04ba7c4772b,R126,congestion,1,2025-11-10 23:59:59.121382,2025-11-11 20:59:59.121382,44.11,12.039604,68.645901,True
526a607d-5bba-4ea8-98a5-d7e0e56ca41c,R051,mechanical,2,2025-12-19 21:59:59.121382,2025-12-21 02:59:59.121382,48.57,11.374105,78.444702,True
0b9f70ca-9c1b-4ebd-8581-89b44a3c6d6e,R081,road_closure,3,2025-10-25 16:59:59.121382,2025-10-28 00:59:59.121382,11.68,32.858596,69.403481,True
5205f987-2445-42c2-8171-c003121941b7,R125,weather,5,2026-01-30 00:59:59.121382,2026-01-30 20:59:59.121382,27.01,18.337823,72.720507,True
2cc1c62c-e145-4811-a07f-e1e81c9c0c15,R119,road_closure,5,2025-12-08 20:59:59.121382,2025-12-09 22:59:59.121382,28.85,22.139866,88.231745,True
72af4781-7bde-4aaf-96cb-7822e27453f4,R021,road_closure,1,2025-11-29 06:59:59.121382,2025-11-30 17:59:59.121382,29.36,24.15438,90.833117,True
8f072596-c7ce-409b-aa1d-9d757dbe9141,R175,strike,5,2025-11-30 23:59:59.121382,2025-12-03 04:59:59.121382,31.36,21.652109,93.465341,True
fd2565ec-0dc8-4adc-b1ef-abaa9b605987,R197,mechanical,3,2026-04-14 23:59:59.121382,2026-04-16 13:59:59.121382,43.06,31.659802,91.274371,True
2d57cba9-5453-45a2-83d9-4b70b55c66d3,R172,road_closure,5,2026-01-04 10:59:59.121382,2026-01-05 07:59:59.121382,30.34,12.844614,96.792094,True
622e3f1d-d464-4ee5-949a-2949518159ab,R063,strike,3,2026-01-18 18:59:59.121382,2026-01-20 23:59:59.121382,35.77,20.162247,95.99691,True
380f4094-b5d4-4729-b94a-dfad5404b7e6,R052,congestion,3,2025-12-07 06:59:59.121382,2025-12-09 00:59:59.121382,14.09,22.146862,77.122865,True
1ecfde1f-4c53-4382-9b22-1e3b3029bdd7,R080,weather,4,2026-04-19 13:59:59.121382,2026-04-22 08:59:59.121382,19.8,36.980172,75.772334,False
3da62110-1829-457e-9a70-9122a96767b7,R108,road_closure,1,2025-11-16 09:59:59.121382,2025-11-16 12:59:59.121382,25.86,33.665444,74.424287,True
076f991a-291d-40d4-9c02-efa884be0255,R063,accident,1,2026-01-06 22:59:59.121382,2026-01-07 13:59:59.121382,5.43,27.451669,92.573297,True
a29a3d93-2929-4e19-8e6d-3e5e0cc158f6,R004,road_closure,3,2026-03-07 16:59:59.121382,2026-03-09 05:59:59.121382,23.12,9.922415,78.637371,True
dc762d5b-59ac-490f-9f6f-674789eb96e6,R026,road_closure,2,2026-03-29 17:59:59.121382,2026-04-01 09:59:59.121382,26.96,26.28845,70.306072,True
94cdbdf5-573c-404b-bca3-ef8a440ed332,R074,strike,1,2026-03-05 04:59:59.121382,2026-03-07 09:59:59.121382,45.63,20.282677,84.577462,True
5b15a887-e958-4e0d-b341-07bf87bcd392,R072,mechanical,4,2025-11-18 12:59:59.121382,2025-11-20 10:59:59.121382,13.1,12.671901,96.884371,True
2ea8f3d5-c868-4de6-99b6-74f85ba4ae71,R185,congestion,3,2025-11-26 07:59:59.121382,2025-11-28 19:59:59.121382,43.81,25.53018,76.033738,True
baef46c6-f99f-4b7d-817a-4065edbad44e,R200,congestion,2,2026-03-31 02:59:59.121382,2026-04-01 16:59:59.121382,41.4,19.868238,76.386601,True
052f8e5d-9e60-4ba9-9f78-a3a0fb8c2ac2,R195,congestion,2,2025-11-29 16:59:59.121382,2025-11-30 16:59:59.121382,16.93,20.32507,75.987954,True
2928beb4-6c3e-4971-94c1-123143310716,R185,weather,2,2025-12-22 22:59:59.121382,2025-12-24 22:59:59.121382,14.62,10.642983,88.839508,True
7fb5de07-8d97-44dd-9f9f-18edb7085414,R139,strike,3,2026-01-03 15:59:59.121382,2026-01-05 01:59:59.121382,45.36,20.782208,81.890146,True
e1d0a16d-ec72-4314-b410-270edda6247b,R144,accident,5,2026-03-17 08:59:59.121382,2026-03-17 14:59:59.121382,46.9,8.237751,94.065646,True
48ea6faa-0d04-4afb-83c0-c8ae173c6145,R010,congestion,5,2026-04-06 04:59:59.121382,2026-04-07 03:59:59.121382,14.95,8.738708,69.844661,True
fc31baeb-4806-463d-8c8b-94b4471aeff5,R175,strike,2,2026-02-13 20:59:59.121382,2026-02-16 03:59:59.121382,36.95,17.439597,72.166941,True
a73abbcb-09ea-41cc-8f52-8055e2cdcbf7,R156,congestion,5,2026-01-24 07:59:59.121382,2026-01-24 20:59:59.121382,32.28,31.436554,73.109638,True
3973cc5a-10b3-4b0b-9752-0a3fe42241b3,R182,accident,4,2026-04-17 05:59:59.121382,2026-04-18 20:59:59.121382,34.62,13.453698,80.412561,True
20803aeb-9611-440a-943a-23354bcf4c7a,R140,accident,3,2025-11-16 17:59:59.121382,2025-11-19 12:59:59.121382,23.71,9.831655,94.491818,True
c6d9d915-0234-4222-9291-ede6b91ec922,R092,weather,2,2026-01-25 21:59:59.121382,2026-01-28 06:59:59.121382,45.77,26.796256,89.698006,True
45ee66ac-4da5-4b0f-b7df-4b9582e53a49,R192,mechanical,3,2025-11-04 22:59:59.121382,2025-11-07 10:59:59.121382,38.42,28.799358,92.155018,True
a8a9f8ad-0945-4c17-8719-2b345d6dff0f,R147,weather,4,2025-11-07 11:59:59.121382,2025-11-08 23:59:59.121382,14.9,17.084271,89.856318,True
ff364248-df24-4573-b6ed-e58bfc3835a0,R030,strike,4,2026-04-09 08:59:59.121382,2026-04-11 09:59:59.121382,17.78,14.227591,78.323083,True
73ed9056-96bc-4558-9c89-8958f55f0454,R013,congestion,2,2026-04-01 19:59:59.121382,2026-04-04 18:59:59.121382,10.44,21.939433,80.991868,True
5d6c39ac-072e-4602-a605-8d0655a2e4e8,R013,road_closure,4,2026-03-17 04:59:59.121382,2026-03-19 02:59:59.121382,28.24,20.523467,69.564045,True
f185ec2f-ab15-4af4-bc99-ea367c297b0b,R064,weather,4,2025-11-09 00:59:59.121382,2025-11-11 21:59:59.121382,32.44,11.583602,70.929819,True
eec7dae3-0e8b-4300-9d4a-b905bc436417,R192,mechanical,1,2026-02-02 05:59:59.121382,2026-02-05 00:59:59.121382,14.45,14.68435,77.499423,True
f5308d26-0f24-48e8-b66e-4ee5b4e45a62,R048,mechanical,5,2025-11-14 07:59:59.121382,2025-11-15 09:59:59.121382,6.18,25.121048,70.033423,True
6c9c3c9e-fbfa-42f8-8e7d-d2b2a5a533a0,R085,mechanical,1,2025-11-27 12:59:59.121382,2025-11-29 23:59:59.121382,47.65,24.130855,79.930917,True
a0e303c0-f8a9-403e-85aa-daf64628e0fb,R053,accident,5,2026-02-07 13:59:59.121382,2026-02-08 03:59:59.121382,43.61,17.830128,72.14936,True
34231911-cd8e-42b5-ae8f-0ffe35c009eb,R026,road_closure,5,2026-03-23 08:59:59.121382,2026-03-25 07:59:59.121382,37.95,21.680933,82.378765,True
8558bcb3-a1a7-4f39-9fec-76945b8efda5,R053,congestion,2,2026-04-16 11:59:59.121382,2026-04-17 04:59:59.121382,21.04,22.767454,86.199125,True
1e788642-274d-45de-a73e-90574c1b48ed,R020,accident,4,2025-12-31 09:59:59.121382,2025-12-31 10:59:59.121382,27.17,12.577091,90.165396,True
d49ac34b-d69e-491b-a8be-ed350e035f70,R006,strike,2,2025-12-24 13:59:59.121382,2025-12-25 09:59:59.121382,6.82,20.030581,90.267967,True
cddc4fd6-ed62-4f8f-ab36-db86e2c27bb1,R124,road_closure,3,2026-02-02 13:59:59.121382,2026-02-04 09:59:59.121382,31.38,26.984015,88.570115,True
ef702875-5276-4d85-a9a0-a0129a1a8028,R164,congestion,5,2026-03-28 05:59:59.121382,2026-03-31 03:59:59.121382,44.53,11.688291,70.098103,True
b9a40222-4f65-48c2-9ff2-3946a61178ad,R074,congestion,5,2026-02-19 21:59:59.121382,2026-02-22 02:59:59.121382,37.42,17.948276,79.910312,True
4f5a359e-9d07-4c2b-95ea-43d75c271bdc,R062,accident,5,2026-01-08 04:59:59.121382,2026-01-09 10:59:59.121382,18.45,30.716764,78.216768,True
6d1b32eb-6898-4cf3-8884-b4871daf0d44,R100,mechanical,5,2026-03-28 01:59:59.121382,2026-03-28 19:59:59.121382,49.65,13.376943,82.848526,True
663fcc7f-df0e-4ebd-804e-fa59aaa24fc3,R032,road_closure,2,2026-03-15 10:59:59.121382,2026-03-15 23:59:59.121382,26.68,8.840906,88.004811,True
ce6a06cb-094d-474e-b197-ce5094044891,R046,road_closure,3,2025-10-29 18:59:59.121382,2025-11-01 17:59:59.121382,40.28,14.924211,92.231379,True
b8ee2931-0c71-44a0-b98f-89e634836f76,R046,congestion,5,2026-02-17 19:59:59.121382,2026-02-17 22:59:59.121382,33.68,21.10927,88.06356,True
3449315a-1cd2-47a1-9ed4-68ea6d4a463a,R077,strike,2,2025-12-09 20:59:59.121382,2025-12-12 07:59:59.121382,46.17,12.460952,91.009661,True
b16eadd6-28a9-4e90-84e2-8f81abe84480,R141,mechanical,1,2026-01-02 17:59:59.121382,2026-01-04 02:59:59.121382,21.03,34.510537,83.846209,True
ab23f338-5401-4313-bbdc-406cba2f374e,R120,mechanical,4,2025-11-29 23:59:59.121382,2025-12-02 07:59:59.121382,12.86,13.356703,79.468921,True
cecb2f18-3e1f-4adb-8620-513ae0e02079,R056,strike,4,2026-04-12 18:59:59.121382,2026-04-14 03:59:59.121382,21.43,10.177716,95.357362,True
315af04e-2e3b-4e38-9ba9-46d34792568e,R141,mechanical,3,2025-12-10 07:59:59.121382,2025-12-12 09:59:59.121382,33.71,25.594868,86.176731,True
99e4bfc4-0d86-47d7-b4b8-fd3a62edd07d,R136,strike,1,2026-03-26 09:59:59.121382,2026-03-26 11:59:59.121382,41.23,13.675525,68.807644,True
4d7277cb-04be-4181-b303-7d205b77b4d0,R128,mechanical,1,2026-02-19 15:59:59.121382,2026-02-20 04:59:59.121382,6.72,24.554738,83.285057,True
91b782f2-1f36-4370-926c-871da5feff52,R037,weather,1,2025-11-06 16:59:59.121382,2025-11-07 06:59:59.121382,49.1,12.761364,71.580444,True
d3b3eaf5-4883-42e0-8bdf-63bb78506d84,R140,road_closure,4,2026-01-09 01:59:59.121382,2026-01-09 07:59:59.121382,33.96,27.36045,85.673914,True
1f7f601e-06c4-46e9-83ff-a44af7118945,R040,road_closure,1,2026-03-18 15:59:59.121382,2026-03-21 03:59:59.121382,41.46,11.321814,77.117166,True
8b9643c9-098e-4ecb-b3d2-eb2ca414ec07,R173,congestion,5,2026-01-16 14:59:59.121382,2026-01-17 18:59:59.121382,22.94,24.149537,76.063414,True
958fa47a-e117-4ed9-aea8-72153a72846e,R087,accident,5,2026-02-13 01:59:59.121382,2026-02-14 19:59:59.121382,20.34,24.297459,74.213408,True
e8586e9b-cca5-4cd9-9330-412662405b86,R015,congestion,1,2026-01-04 06:59:59.121382,2026-01-05 07:59:59.121382,28.92,30.479667,91.305419,True
675a816d-2f07-4e83-b4a9-ea887ee51bb7,R166,mechanical,3,2026-01-24 10:59:59.121382,2026-01-27 06:59:59.121382,8.58,25.297763,75.974397,True
fa6ba2b9-7d2c-4509-9284-49ff59043bc3,R020,weather,1,2026-01-11 05:59:59.121382,2026-01-11 12:59:59.121382,39.19,18.803296,75.609827,True
98b5ca00-cb3f-4421-b23f-f61f868001f7,R120,accident,3,2026-03-21 15:59:59.121382,2026-03-23 18:59:59.121382,31.45,35.335682,91.721558,True
d29e4215-0039-46f1-99b2-788f5c40b7c9,R129,road_closure,3,2026-02-16 23:59:59.121382,2026-02-18 03:59:59.121382,12.44,16.5859,82.932955,True
d296248d-b818-407b-8fc2-17b71da67f8d,R017,road_closure,4,2026-02-22 22:59:59.121382,2026-02-25 11:59:59.121382,30.16,28.001348,92.712285,True
b7eacdb9-1ec8-4108-b12d-0e286419f140,R020,weather,3,2026-02-11 04:59:59.121382,2026-02-12 13:59:59.121382,8.78,16.313157,78.641777,True
c607fe6b-3c13-4bdf-ac70-72107a6b6d74,R129,road_closure,3,2026-04-16 02:59:59.121382,2026-04-17 01:59:59.121382,10.08,27.832907,91.049135,True
16ed761c-9eb8-4204-96b3-887d0dae35bd,R068,strike,3,2026-03-11 01:59:59.121382,2026-03-13 21:59:59.121382,10.63,31.431005,78.674483,True
73152243-86e3-4888-8a76-bbb770e87911,R199,accident,4,2026-03-26 05:59:59.121382,2026-03-27 00:59:59.121382,37.38,32.164955,81.173851,True
67abe21b-61f9-4dd6-a29f-0dfc0355549e,R081,mechanical,5,2025-12-02 17:59:59.121382,2025-12-05 10:59:59.121382,48.92,12.213294,77.172478,True
cbccc9d5-25ac-478d-a7ce-a1dd36df8c7f,R194,strike,1,2026-02-26 06:59:59.121382,2026-02-27 08:59:59.121382,29.62,22.985345,91.754112,True
a2dfc5a0-ebc2-49aa-a3d5-1a507fba9ab8,R054,mechanical,1,2025-11-26 21:59:59.121382,2025-11-27 20:59:59.121382,46.51,14.383185,73.834016,True
5cfafca7-bbe4-4b08-9656-369c31278d5b,R053,strike,2,2025-12-01 15:59:59.121382,2025-12-03 14:59:59.121382,16.98,18.57456,92.872152,True
a6f3e9da-579f-4d47-8e65-03ed7076ae67,R157,road_closure,3,2026-01-25 08:59:59.121382,2026-01-28 00:59:59.121382,28.55,32.246299,88.834971,True
13a820ed-6418-4bc7-b8a1-f392545bbb0f,R097,weather,5,2026-01-24 21:59:59.121382,2026-01-26 18:59:59.121382,19.82,17.592997,89.893266,True
2480f26d-153a-4532-b977-b54ce0c6c50e,R133,weather,5,2025-12-24 22:59:59.121382,2025-12-27 10:59:59.121382,24.48,14.550561,85.752601,True
030a6e5c-d627-46ee-9a60-7fb27e93fdcc,R146,road_closure,2,2025-11-20 19:59:59.121382,2025-11-23 07:59:59.121382,28.39,34.415488,91.614729,True
55fff78a-3d13-424f-a31d-131454c2a01c,R162,mechanical,4,2026-01-17 00:59:59.121382,2026-01-18 15:59:59.121382,18.11,28.768772,71.927147,True
4f6c5faa-9703-4089-974d-d2530f138ab0,R145,road_closure,1,2026-02-10 22:59:59.121382,2026-02-13 10:59:59.121382,29.3,35.355654,83.305394,True
dcfb823e-6e01-4d73-848f-da344c9a0d29,R195,weather,3,2026-03-04 03:59:59.121382,2026-03-06 17:59:59.121382,29.78,19.661803,86.672924,True
52180ae7-56df-49ce-beb1-9d72e05c6d81,R047,accident,5,2025-12-29 20:59:59.121382,2025-12-31 17:59:59.121382,37.36,35.86622,93.89704,True
bd240253-2815-456a-bc7b-4c147888a755,R112,congestion,2,2026-02-25 07:59:59.121382,2026-02-26 00:59:59.121382,35.57,23.518495,87.998633,True
959efa68-ff4d-41a4-9cdc-99fbea2198d6,R138,mechanical,4,2026-01-14 16:59:59.121382,2026-01-15 18:59:59.121382,21.19,21.77729,91.005644,True
e5adc98c-1a39-4b33-a965-d61953aa76c9,R104,strike,2,2026-01-05 22:59:59.121382,2026-01-06 19:59:59.121382,20.98,29.283691,79.920369,True
6b6ac3fa-6380-4b42-8b9b-e032d8602613,R105,road_closure,5,2026-04-20 01:59:59.121382,2026-04-21 19:59:59.121382,27.32,22.417461,71.908788,False
ddf0f719-4b03-40fe-8c06-a78357bb2159,R173,strike,3,2025-12-17 17:59:59.121382,2025-12-19 16:59:59.121382,23.08,25.54355,87.125212,True
d43e9301-9fb0-479a-a658-a367002b5c21,R198,accident,3,2026-03-12 10:59:59.121382,2026-03-14 22:59:59.121382,29.07,22.399945,76.032937,True
a02749d9-6342-43c7-9cb2-e69db9a3ffcf,R072,weather,5,2026-02-27 23:59:59.121382,2026-02-28 06:59:59.121382,39.68,20.714756,68.878504,True
0359d13b-5b24-4a6c-b293-d9f0e54b749f,R017,road_closure,4,2026-04-18 22:59:59.121382,2026-04-19 13:59:59.121382,5.26,31.140352,84.330671,True
66c60765-bac4-4200-95f9-87ade3a49a09,R193,weather,1,2025-12-24 10:59:59.121382,2025-12-26 18:59:59.121382,37.78,28.360818,88.905903,True
4b092e40-ae47-4383-a9ed-afe936062507,R069,weather,5,2026-04-20 12:59:59.121382,2026-04-20 16:59:59.121382,41.44,8.453656,95.081905,True
0c724309-8ed5-4cfd-a68c-4ba7568d5251,R126,mechanical,3,2025-12-02 07:59:59.121382,2025-12-04 07:59:59.121382,47.55,27.677873,84.546281,True
59c68446-c52c-4e73-a6e9-d609c52e322e,R199,strike,3,2025-12-29 06:59:59.121382,2026-01-01 01:59:59.121382,31.24,27.921621,90.96529,True
6aeab383-0c6f-481b-a9e1-599419eb547c,R069,accident,1,2025-11-11 14:59:59.121382,2025-11-13 17:59:59.121382,29.16,8.680312,77.553083,True
0cbea8b6-81c1-499a-8c01-47f5acfc87c5,R083,mechanical,5,2025-10-31 17:59:59.121382,2025-11-03 13:59:59.121382,45.48,23.431421,75.724952,True
55a5cc71-4656-43a5-b625-214034a07b40,R147,congestion,4,2026-04-10 21:59:59.121382,2026-04-11 09:59:59.121382,9.43,15.426564,71.489873,True
f619b2d3-6c73-404b-9c94-dbc6bbfba871,R084,strike,3,2025-11-02 03:59:59.121382,2025-11-03 19:59:59.121382,27.33,8.547545,70.91538,True
0b3374b2-eb86-43de-9735-8f77045ff520,R021,strike,2,2026-04-08 05:59:59.121382,2026-04-09 16:59:59.121382,15.66,22.891441,72.03564,True
8448a1b3-8270-48b2-a2e1-0de0337973ea,R159,strike,5,2026-01-01 22:59:59.121382,2026-01-02 19:59:59.121382,23.08,23.497181,92.145661,True
aea2347b-fd14-476f-b3e3-78396a15e6fe,R023,strike,5,2025-10-28 08:59:59.121382,2025-10-29 22:59:59.121382,10.84,12.902675,90.470894,True
9f3e76e0-f574-40b6-939f-d0aeaa0e9f3c,R015,congestion,3,2026-04-11 12:59:59.121382,2026-04-12 05:59:59.121382,17.61,9.297792,76.596781,True
fc71987d-f587-4798-956e-d539d376439a,R064,accident,2,2025-11-18 19:59:59.121382,2025-11-21 16:59:59.121382,8.45,29.993851,74.522273,True
3c6e4516-ba2a-4937-9908-53c2bea80f3b,R056,weather,4,2026-03-04 03:59:59.121382,2026-03-04 20:59:59.121382,23.81,8.687774,70.313885,True
fb005f13-849f-4adb-983a-691c1649605e,R038,road_closure,1,2026-03-04 17:59:59.121382,2026-03-06 05:59:59.121382,26.03,26.666698,85.669808,True
d9044cd5-7d57-4a2b-ba44-2979b7708849,R114,road_closure,5,2025-10-29 09:59:59.121382,2025-10-30 18:59:59.121382,45.6,24.38714,95.512443,True
86ed0726-7c14-4ddb-9ece-ba672f05ccde,R070,mechanical,3,2026-03-04 15:59:59.121382,2026-03-06 00:59:59.121382,43.09,15.688575,82.356622,True
0e21f2f6-1926-46f5-b8cf-9e27a3266d0d,R072,road_closure,2,2026-02-14 15:59:59.121382,2026-02-15 13:59:59.121382,16.92,12.777286,78.189322,True
10a1eb1a-f3d9-40d1-a4a1-3feb14d7641b,R038,congestion,1,2025-11-19 17:59:59.121382,2025-11-21 21:59:59.121382,40.36,25.462894,82.297528,True
839f4ac3-0a45-40e3-8fb8-b4f334953e8b,R008,congestion,5,2026-03-25 07:59:59.121382,2026-03-26 01:59:59.121382,49.51,25.870304,82.467312,True
300dd5f3-f18e-40d5-a162-0b4ac4b4e9fb,R131,congestion,1,2026-02-10 08:59:59.121382,2026-02-10 15:59:59.121382,20.33,13.169254,94.233552,True
363cfca0-ece6-4c06-bac4-73e72161003c,R047,weather,3,2026-01-20 22:59:59.121382,2026-01-21 03:59:59.121382,31.56,28.940826,73.051341,True
154515d6-6bf6-4548-8633-d0c3cdd77e57,R070,mechanical,3,2025-12-10 03:59:59.121382,2025-12-12 14:59:59.121382,7.62,32.459406,90.090538,True
296d3ce2-2513-4aa8-b7c2-3bb6e251bd96,R171,congestion,4,2025-12-13 06:59:59.121382,2025-12-13 22:59:59.121382,15.28,19.79214,84.263558,True
5dfff3ae-7452-4ee5-a689-63c34b709fc6,R055,weather,2,2025-11-16 06:59:59.121382,2025-11-18 16:59:59.121382,13.08,22.883257,84.99103,True
e7cd30d3-7fda-4e3b-9bb9-c92c6b0608b9,R177,accident,3,2025-11-05 08:59:59.121382,2025-11-06 09:59:59.121382,17.82,20.158228,73.625825,True
1efca225-6bb7-4bd0-ac0c-bc76e859a556,R178,accident,5,2025-11-12 17:59:59.121382,2025-11-14 17:59:59.121382,8.59,26.348185,93.023499,True
cb51b9ed-4a17-41c5-b572-2a91c6ba3290,R008,accident,4,2026-03-09 08:59:59.121382,2026-03-11 23:59:59.121382,31.01,8.344269,76.719014,True
5f529af6-efa7-4ebc-892b-09fdf382f822,R065,accident,4,2026-04-14 19:59:59.121382,2026-04-17 14:59:59.121382,8.17,27.279201,77.834794,True
871d8a18-7ff6-40e0-9b34-96b1dc0070a2,R101,weather,3,2026-01-08 05:59:59.121382,2026-01-08 09:59:59.121382,35.91,22.161712,68.654521,True
cd73ba1f-766b-431f-b5a7-807e065e24b2,R091,congestion,4,2026-01-30 17:59:59.121382,2026-02-01 18:59:59.121382,29.07,19.808038,74.735928,True
127d54f3-340c-447d-9d94-d336307eb749,R053,mechanical,4,2026-01-22 05:59:59.121382,2026-01-24 14:59:59.121382,18.74,9.526621,69.719958,True
38fb4bb1-fa7a-4f43-9f3f-0bdfd0dd32f9,R048,road_closure,5,2026-04-19 01:59:59.121382,2026-04-19 17:59:59.121382,5.37,12.105011,92.189638,True
cfbe938e-a66b-4cd9-ac06-e5d2fced0e0c,R056,accident,1,2026-04-08 06:59:59.121382,2026-04-10 18:59:59.121382,24.46,16.276753,92.482078,True
3508607b-e9e5-4e9b-89f0-cabe4cf2f1bf,R162,road_closure,2,2025-11-01 16:59:59.121382,2025-11-03 22:59:59.121382,37.65,16.627287,76.594094,True
778cb81c-509c-488b-8b9f-abeeb27b672d,R048,strike,2,2026-02-02 11:59:59.121382,2026-02-03 10:59:59.121382,32.06,36.192832,68.414032,True
c9cda3d5-ad75-4ad2-a21b-381b233ec3e5,R160,accident,2,2026-04-07 07:59:59.121382,2026-04-08 19:59:59.121382,24.71,33.739311,76.207492,True
b6ff0d5f-81d2-4196-8efd-84e904217ff9,R120,strike,5,2026-02-20 17:59:59.121382,2026-02-21 18:59:59.121382,49.56,31.930595,76.841501,True
e937393d-f31f-437d-8668-c5b06af7e24a,R149,strike,1,2025-12-10 23:59:59.121382,2025-12-11 03:59:59.121382,37.47,15.501771,88.751322,True
fedd0389-ada2-4880-8e8d-77589df466e4,R069,road_closure,5,2026-03-29 11:59:59.121382,2026-03-30 09:59:59.121382,12.59,29.027701,71.508993,True
99185a7e-2815-4ac7-a8be-3823475822cf,R188,mechanical,3,2025-12-09 11:59:59.121382,2025-12-09 18:59:59.121382,9.77,33.527301,76.118183,True
1da1a1bb-1f3e-4b48-bf83-e6bc420048bd,R175,congestion,4,2026-04-11 18:59:59.121382,2026-04-13 18:59:59.121382,5.25,34.078259,86.088848,True
4b74cfe7-ad79-4713-9576-2a9a44a3928e,R199,strike,5,2026-03-12 23:59:59.121382,2026-03-13 19:59:59.121382,13.06,9.258518,78.105861,True
ae7667af-b396-44c6-9346-d93137f2d97c,R197,weather,2,2026-01-04 20:59:59.121382,2026-01-05 17:59:59.121382,47.77,25.852747,70.756347,True
d1e134f2-645f-4408-aef1-ab4414f5aae1,R110,strike,1,2025-11-07 13:59:59.121382,2025-11-09 03:59:59.121382,6.77,13.203912,68.7372,True
194dc413-f03e-4e57-8af5-fc7c544016eb,R195,road_closure,4,2026-03-21 16:59:59.121382,2026-03-23 16:59:59.121382,33.07,10.200278,88.248248,True
08c0cd6d-38c2-4291-afc3-0fa4cfa78d99,R084,accident,5,2026-03-05 01:59:59.121382,2026-03-07 15:59:59.121382,48.47,15.371154,82.228777,True
ef78a230-2866-4303-bd4b-0e7de719bb67,R192,congestion,5,2026-01-19 14:59:59.121382,2026-01-21 10:59:59.121382,47.71,10.73941,96.677396,True
eda23412-c0e1-4d5f-bebd-ec4bb55ce771,R058,mechanical,4,2025-11-16 00:59:59.121382,2025-11-18 00:59:59.121382,35.18,8.607029,85.519353,True
4abfa0be-7929-4230-9f40-d0f8df516f5f,R009,congestion,5,2025-11-08 20:59:59.121382,2025-11-10 16:59:59.121382,22.73,12.622318,69.278674,True
856bea8c-b86f-4d56-b3d4-49a23fde81aa,R119,mechanical,2,2026-01-05 15:59:59.121382,2026-01-07 07:59:59.121382,20.21,10.842157,88.41432,True
0d5b35ea-33d5-4100-aeae-2fc3be9032eb,R178,mechanical,2,2026-04-17 02:59:59.121382,2026-04-18 20:59:59.121382,40.38,15.978705,82.707173,True
6f3e3bfa-3ba9-4c7c-a3c9-66e2acadf4b5,R058,strike,1,2025-11-13 15:59:59.121382,2025-11-14 12:59:59.121382,5.48,27.175768,88.587246,True
888b26ff-04e6-4c8d-970d-6cee17fd8989,R154,accident,4,2025-11-05 02:59:59.121382,2025-11-07 13:59:59.121382,12.01,17.029888,93.282135,True
2a743fa1-b635-4a0a-88a0-04f0df8ac5ef,R065,strike,2,2025-11-26 12:59:59.121382,2025-11-27 18:59:59.121382,17.34,9.474765,74.412575,True
9176ccd8-722a-464c-a53e-989b9b8b812d,R134,congestion,1,2025-11-01 06:59:59.121382,2025-11-02 00:59:59.121382,27.98,20.21294,69.986581,True
cc086294-a9ed-46e8-8660-1c8d6c9738a5,R068,mechanical,5,2026-02-07 01:59:59.121382,2026-02-08 17:59:59.121382,36.85,14.51516,89.079043,True
9e3fbf67-ccac-4c10-82ce-86521b294ef0,R110,mechanical,2,2025-11-23 17:59:59.121382,2025-11-24 06:59:59.121382,40.46,34.374363,83.079946,True
6b8e1d22-eaf5-4252-894e-99c0e08de636,R118,accident,5,2025-11-03 22:59:59.121382,2025-11-06 00:59:59.121382,11.87,8.655529,75.071439,True
99c68caf-b046-45a7-8683-877b199abb4f,R008,weather,5,2026-01-23 06:59:59.121382,2026-01-24 10:59:59.121382,43.26,21.035,96.185812,True
b1612a2e-f408-4619-b86d-5521f4f9690e,R101,mechanical,2,2025-12-21 03:59:59.121382,2025-12-22 18:59:59.121382,26.19,20.26919,76.083918,True
26f1b93e-fc0c-4b54-ac89-f86464fa4d9b,R121,road_closure,5,2025-12-12 00:59:59.121382,2025-12-12 19:59:59.121382,7.14,25.265316,93.293931,True
a9bd6fbc-ec3c-4944-8952-7cce0fdea3e3,R173,congestion,5,2026-02-14 12:59:59.121382,2026-02-17 06:59:59.121382,13.95,27.279425,76.299245,True
06fafd5d-cde5-4ae2-95d5-8ddad1aa2bbd,R003,mechanical,5,2025-11-02 08:59:59.121382,2025-11-04 00:59:59.121382,27.55,8.627183,82.024198,True
1dfcd1d5-854c-4bc4-a566-825be05b7c86,R194,strike,2,2025-11-23 04:59:59.121382,2025-11-24 15:59:59.121382,14.03,23.391767,85.105197,True
fc04a0c1-3555-485f-ae64-1f22367b9325,R023,weather,4,2025-10-27 17:59:59.121382,2025-10-28 17:59:59.121382,13.8,24.317974,95.403475,True
094f9314-67ee-44dc-8c91-66f91ff68ec8,R195,accident,5,2026-02-07 17:59:59.121382,2026-02-09 05:59:59.121382,18.74,15.613957,69.138339,True
6b070e9f-ce5c-4c65-a63c-e0630912f456,R170,road_closure,4,2026-01-21 02:59:59.121382,2026-01-23 14:59:59.121382,28.18,19.388274,84.754337,True
26c17c39-3091-4433-b6ae-e49ae6f96020,R083,road_closure,3,2026-03-26 05:59:59.121382,2026-03-27 02:59:59.121382,28.1,20.324862,72.082572,True
27c1b5f9-8bcd-41dc-b484-3c5c1eb13b3b,R027,strike,2,2026-01-16 04:59:59.121382,2026-01-16 17:59:59.121382,41.89,8.695288,77.077735,True
103dab04-b4b6-4f1a-aa72-ba56d49b04fd,R013,congestion,2,2025-10-29 00:59:59.121382,2025-10-29 01:59:59.121382,24.74,32.231551,96.049183,True
d27c5df3-03b1-40be-8c11-1c700eb13843,R141,accident,5,2025-11-19 00:59:59.121382,2025-11-21 03:59:59.121382,28.94,14.697308,89.561574,True
1341dbd6-52db-4d27-878a-0cfca4f71728,R104,weather,5,2025-12-26 07:59:59.121382,2025-12-26 18:59:59.121382,48.46,34.436928,82.562698,True
fdcd4221-63be-4a6a-9a75-0c5a8c7ecc9b,R076,weather,2,2025-11-20 13:59:59.121382,2025-11-21 07:59:59.121382,23.98,14.31923,86.78243,True
d1fd442b-6550-4b71-9cc7-6a608f033794,R186,road_closure,2,2026-01-10 21:59:59.121382,2026-01-13 00:59:59.121382,37.33,15.883961,72.921452,True
8eaa5733-e124-4482-82a5-d04caeb35244,R014,road_closure,5,2026-02-06 09:59:59.121382,2026-02-06 14:59:59.121382,20.16,15.55837,72.724581,True
49f16812-1f53-4606-9f32-e1088a471d5a,R057,accident,4,2026-01-11 15:59:59.121382,2026-01-11 18:59:59.121382,42.74,32.418702,77.093679,True
1943637b-d0cc-4c43-bc3a-8252dd9ecbed,R019,accident,3,2026-02-08 00:59:59.121382,2026-02-09 14:59:59.121382,35.78,8.956331,92.704751,True
45b47a48-870e-4482-a184-63588c280219,R080,accident,5,2026-01-06 20:59:59.121382,2026-01-08 09:59:59.121382,40.08,26.775961,77.903706,True
07ab6571-e859-46e7-b67b-f951d077f7e0,R195,strike,4,2026-02-19 02:59:59.121382,2026-02-19 19:59:59.121382,46.64,13.724708,84.690086,True
3fd7ba1c-318e-47ab-92dc-37803a31605a,R119,weather,4,2025-12-23 18:59:59.121382,2025-12-24 09:59:59.121382,33.53,33.652588,74.222139,True
34fab42e-1bb8-46be-b672-6012577130cb,R134,road_closure,4,2025-11-06 00:59:59.121382,2025-11-07 10:59:59.121382,40.72,13.093168,80.219931,True
eb5ff039-df0b-492d-8891-b61e00c04f06,R159,accident,4,2025-12-19 23:59:59.121382,2025-12-21 12:59:59.121382,47.2,19.390784,88.173582,True
62c32306-7dc4-46f0-9187-2f5089db2017,R092,accident,4,2026-01-06 23:59:59.121382,2026-01-08 02:59:59.121382,8.55,8.958514,68.032813,True
65715ca4-8065-4a8a-8f38-6a6f1fc227c9,R084,road_closure,2,2026-03-20 14:59:59.121382,2026-03-20 23:59:59.121382,46.66,22.906894,84.621328,True
64874cb8-e845-4acb-a431-d38fa6829286,R005,congestion,4,2026-02-15 13:59:59.121382,2026-02-16 13:59:59.121382,30.19,11.794428,87.598537,True
ce5fc5c5-40ce-4fcd-8005-e20f33d6aef6,R135,accident,5,2026-03-09 23:59:59.121382,2026-03-10 13:59:59.121382,18.2,8.929818,70.412853,True
1ebdbf6c-d5a3-4a9f-9280-deaccb1317bd,R165,strike,1,2026-02-13 23:59:59.121382,2026-02-14 15:59:59.121382,44.7,36.839053,96.419597,True
0197ea7f-c14a-4b6a-8541-270bc822c753,R186,strike,1,2026-04-06 02:59:59.121382,2026-04-06 04:59:59.121382,12.32,19.871003,93.966969,True
277b1701-9618-4831-a02e-12bbe8246a06,R106,mechanical,5,2026-01-11 13:59:59.121382,2026-01-12 02:59:59.121382,37.84,33.810548,75.103652,True
29178c3c-a0d4-49d0-b9fd-14d72a42b593,R032,congestion,2,2025-10-29 07:59:59.121382,2025-10-31 22:59:59.121382,43.16,11.346596,79.797469,True
6392d724-89d5-4447-9033-0474e6caaa3c,R128,congestion,1,2026-02-09 18:59:59.121382,2026-02-10 20:59:59.121382,43.84,9.61633,84.644884,True
70e3d924-f4e6-42cc-9f38-b0ba57633e64,R166,road_closure,2,2025-12-15 14:59:59.121382,2025-12-18 12:59:59.121382,30.18,19.609323,78.628314,True
da9f2b5c-be15-4aef-ac42-8ac094b09012,R006,strike,2,2025-12-16 20:59:59.121382,2025-12-18 09:59:59.121382,45.99,20.40688,73.727102,True
32d109ab-74f1-4938-bb7b-1daa3877f047,R040,congestion,4,2026-04-03 08:59:59.121382,2026-04-04 22:59:59.121382,9.0,14.086076,85.37388,True
90311d91-ccb9-409c-a69f-6159d220249b,R025,strike,2,2026-03-19 03:59:59.121382,2026-03-21 21:59:59.121382,30.32,24.662661,91.845967,True
716b66ba-01a2-4319-b6af-699480ed2e7f,R069,congestion,5,2026-03-21 07:59:59.121382,2026-03-22 22:59:59.121382,37.27,13.33719,76.581864,True
1f4d27bf-5739-4837-b385-e9f48b9d0693,R078,accident,3,2026-03-24 09:59:59.121382,2026-03-26 13:59:59.121382,35.59,10.907,88.815056,True
c736bc78-7abe-4e9e-a428-c87c28cfa685,R028,weather,5,2025-11-08 18:59:59.121382,2025-11-10 17:59:59.121382,46.85,21.733515,79.92632,True
de32a94b-bfd2-4a7a-9a7e-43fa25837743,R032,mechanical,3,2026-02-23 05:59:59.121382,2026-02-23 21:59:59.121382,5.83,24.814831,78.732589,True
076f1dd6-3214-480d-967d-8b772a4f8256,R166,congestion,1,2026-02-02 05:59:59.121382,2026-02-02 22:59:59.121382,18.71,18.646852,94.322776,True
0605899e-fbc3-4e09-b2b1-569b0cb13f0f,R113,weather,5,2026-01-21 00:59:59.121382,2026-01-21 16:59:59.121382,42.59,20.905542,96.985651,True
746da7bd-d9bc-4196-b14f-6ff807924aec,R159,strike,4,2025-11-12 02:59:59.121382,2025-11-13 01:59:59.121382,40.41,35.627297,79.197956,True
a5ae348c-37ba-4119-bc29-340954cf41d2,R045,road_closure,1,2025-12-02 03:59:59.121382,2025-12-03 03:59:59.121382,16.41,27.178805,76.39122,True
467492f3-2408-43ba-a832-5ce822b87dd3,R053,strike,2,2026-03-24 09:59:59.121382,2026-03-24 11:59:59.121382,28.86,24.505378,94.915077,True
a721af87-1391-40da-9ebf-959a18673590,R026,strike,2,2026-01-19 03:59:59.121382,2026-01-21 16:59:59.121382,49.0,31.246565,90.959769,True
acd6882f-fcbf-4080-8a99-2111ee5f8824,R082,weather,3,2025-12-08 17:59:59.121382,2025-12-11 11:59:59.121382,38.19,8.005371,78.510511,True
ed2fca73-e94b-40cf-b9b8-625fa064b7c1,R114,accident,5,2025-10-29 22:59:59.121382,2025-10-31 17:59:59.121382,38.75,32.116351,95.042262,True
fca33d43-0cac-4a1b-bef9-c2d80d948cb4,R199,strike,2,2026-03-18 01:59:59.121382,2026-03-19 08:59:59.121382,31.08,25.865117,71.602864,True
be3c62da-faea-4819-b48c-7f8e2862c422,R167,strike,1,2025-11-25 05:59:59.121382,2025-11-27 05:59:59.121382,35.39,14.379985,81.897271,True
85cafb31-e2be-486d-a86f-4cb8a7de13eb,R192,mechanical,1,2025-11-09 10:59:59.121382,2025-11-11 04:59:59.121382,42.58,22.067088,94.277163,True
12b43bf2-bf13-479a-9fa8-777c0a161181,R014,weather,2,2026-02-23 22:59:59.121382,2026-02-26 11:59:59.121382,19.98,14.297072,78.835584,True
2e63c3e6-925c-44b1-aaa0-7b04b1122a65,R037,mechanical,3,2025-12-19 08:59:59.121382,2025-12-20 15:59:59.121382,21.58,17.195123,95.240715,True
e43f80c1-1dde-4acd-b175-123554d217f7,R068,weather,3,2026-03-30 23:59:59.121382,2026-04-01 21:59:59.121382,5.63,17.647041,82.593073,True
a6ab5f22-3aca-44c6-8bef-39077c5e7204,R056,mechanical,5,2026-03-31 13:59:59.121382,2026-03-31 23:59:59.121382,45.92,13.134256,68.827081,True
3bf56021-012d-4ae7-aa1a-6fb057c6c700,R072,accident,3,2025-11-28 18:59:59.121382,2025-11-29 07:59:59.121382,35.25,33.891082,86.963133,True
4f75cb0c-182d-4ae5-b23b-a526f5a760e8,R155,accident,5,2026-03-26 08:59:59.121382,2026-03-29 05:59:59.121382,9.49,16.453991,84.318635,True
333c912e-b9c0-48c4-b25b-7638de51d496,R189,weather,4,2026-02-16 00:59:59.121382,2026-02-17 22:59:59.121382,32.87,24.185891,90.158697,True
7dbdea4f-d568-4e80-9512-44ca93b5417e,R200,road_closure,3,2026-03-13 08:59:59.121382,2026-03-13 12:59:59.121382,36.48,33.889534,93.66135,True
bfa08504-42c4-435f-b1b7-7dde78dd4be3,R055,road_closure,4,2025-11-20 23:59:59.121382,2025-11-22 09:59:59.121382,41.95,17.889496,73.444114,True
ebf7abb3-42fb-4dd5-bac7-63c34a3c7cf3,R145,road_closure,1,2025-11-26 04:59:59.121382,2025-11-28 09:59:59.121382,25.37,25.647505,88.38094,True
cfee6a38-2afa-4bc7-ac21-ab71cfed331c,R016,mechanical,4,2026-04-08 07:59:59.121382,2026-04-11 01:59:59.121382,49.57,34.095861,91.733677,True
fad0fe97-c874-4061-8cb0-413b17950342,R122,mechanical,4,2026-01-25 08:59:59.121382,2026-01-27 15:59:59.121382,31.02,23.170773,86.357838,True
d7d497f7-ade5-4e14-a28a-316e849ed353,R175,weather,2,2026-01-31 12:59:59.121382,2026-02-01 12:59:59.121382,32.55,22.413686,68.929842,True
5b3cbe41-a66b-44a0-b956-b9ab8d7a7020,R081,accident,4,2025-12-27 10:59:59.121382,2025-12-29 02:59:59.121382,26.91,17.062161,78.092874,True
c5dab154-1139-4b01-b2a4-93eca9b553bd,R027,mechanical,4,2026-01-14 17:59:59.121382,2026-01-17 08:59:59.121382,12.57,28.903673,74.994996,True
eea10221-1cf5-4a5f-8afc-4b07028d6e07,R116,accident,5,2025-11-21 05:59:59.121382,2025-11-22 01:59:59.121382,28.04,14.455505,75.574805,True
1ae9ef17-b3b3-4f25-bcae-e51a522ce966,R067,accident,1,2026-03-06 10:59:59.121382,2026-03-08 07:59:59.121382,27.15,9.036703,88.428285,True
7fb2fb50-4d63-4c56-af2f-14e4b02ded5e,R078,accident,1,2026-04-03 21:59:59.121382,2026-04-06 08:59:59.121382,5.92,10.732101,89.874188,True
8b80fcbc-3b85-4845-b771-441ade4e5fc5,R097,mechanical,3,2025-12-15 12:59:59.121382,2025-12-16 01:59:59.121382,5.7,12.219252,92.282574,True
4d47c326-cca7-441a-9ccb-c820cb724284,R028,accident,1,2025-12-23 23:59:59.121382,2025-12-25 16:59:59.121382,10.37,9.144107,68.419649,True
738ec09c-62a2-4c82-839a-de516f94afb8,R084,mechanical,2,2026-02-03 05:59:59.121382,2026-02-03 13:59:59.121382,33.12,34.814062,79.530164,True
062d19ad-83d4-4db3-a7a8-5dc404db5db2,R078,strike,2,2026-03-25 03:59:59.121382,2026-03-26 04:59:59.121382,12.98,32.507367,81.927366,True
71e2fb83-ff42-4a6d-a29b-231c46d4bea6,R053,mechanical,4,2026-02-08 06:59:59.121382,2026-02-08 22:59:59.121382,45.56,14.644382,74.721918,True
d646b07e-9193-432e-b033-9477539351b2,R099,strike,5,2025-12-02 08:59:59.121382,2025-12-04 08:59:59.121382,35.35,23.045441,68.97586,True
0ba1f0dd-a8b2-4738-920a-ca3faf53cc1a,R079,weather,2,2026-02-16 19:59:59.121382,2026-02-17 20:59:59.121382,28.09,23.047796,72.05765,True
b5c54850-cefd-4eca-b557-a09be6ef06ac,R198,mechanical,3,2026-04-06 09:59:59.121382,2026-04-09 08:59:59.121382,37.74,20.395816,86.172667,True
2e750f4d-3012-42a1-a2ae-40217038583f,R115,accident,4,2026-04-04 20:59:59.121382,2026-04-06 11:59:59.121382,44.36,22.349036,92.624835,True
836f1629-607e-4add-88d1-48237ea6d906,R095,weather,1,2026-04-08 09:59:59.121382,2026-04-09 06:59:59.121382,44.99,16.735547,68.538551,True
e6354e6b-20fc-4a04-9ad5-058fbce7b119,R048,road_closure,3,2026-01-26 08:59:59.121382,2026-01-27 07:59:59.121382,12.74,14.791638,83.116765,True
68226e81-1e8d-45fc-83c9-dcf36a35374b,R116,congestion,2,2025-12-30 22:59:59.121382,2026-01-01 15:59:59.121382,37.78,28.964129,86.692331,True
99d549ab-d7be-4563-a221-ead25a02392e,R180,weather,2,2026-02-03 04:59:59.121382,2026-02-04 09:59:59.121382,29.38,26.05296,77.136638,True
5e4c6d94-2dab-4ae5-bd43-ce7be1408782,R114,accident,3,2026-01-10 03:59:59.121382,2026-01-12 00:59:59.121382,26.28,33.170969,86.298143,True
e5e6b16d-dcc3-4bd0-b209-1cafc75d8cb3,R113,congestion,2,2026-02-15 15:59:59.121382,2026-02-16 11:59:59.121382,43.72,22.865137,77.587423,True
a907de51-cd22-41a7-8cb4-8762899eab4e,R123,congestion,4,2026-03-07 15:59:59.121382,2026-03-08 09:59:59.121382,21.42,20.153166,68.490719,True
b67e4880-7a75-4e1e-9591-d831cc9875cd,R106,road_closure,4,2026-01-04 23:59:59.121382,2026-01-05 18:59:59.121382,12.2,15.734399,96.042566,True
aff78c08-68bb-4439-adc7-b0839f0a41bb,R165,congestion,5,2026-03-12 01:59:59.121382,2026-03-13 01:59:59.121382,47.08,9.174147,79.683798,True
20c471a3-c61b-4185-b40a-3777677c1660,R130,mechanical,3,2026-01-30 23:59:59.121382,2026-01-31 12:59:59.121382,47.41,27.723181,87.40332,True
d8e20a16-d683-4fb6-a0a5-209032e1f8f2,R070,strike,3,2026-01-10 18:59:59.121382,2026-01-11 06:59:59.121382,24.46,21.088765,79.141631,True
1a961425-98f6-4faf-8ae9-14fce794cabd,R197,accident,5,2026-01-06 07:59:59.121382,2026-01-08 08:59:59.121382,24.37,32.075306,78.453428,True
7c6a7d0f-7492-45b2-8d32-e27fbec319dc,R058,weather,2,2025-11-19 14:59:59.121382,2025-11-20 23:59:59.121382,9.44,11.135577,80.408216,True
5441e432-2cc8-4f4b-88a8-cd24b5c5ed5a,R158,mechanical,3,2025-11-13 21:59:59.121382,2025-11-14 08:59:59.121382,26.78,17.181294,87.638531,True
b7edce9f-110f-4329-a9a8-ef6050546372,R099,strike,1,2026-03-24 05:59:59.121382,2026-03-24 12:59:59.121382,17.57,29.416035,91.376383,True
2c0c900d-cca4-4e9a-9f9b-683d7821f49a,R030,mechanical,2,2026-02-14 13:59:59.121382,2026-02-16 06:59:59.121382,45.87,34.333011,74.834926,True
9009a687-8681-4020-8fa4-cc8bfeafa45c,R090,strike,4,2026-01-29 18:59:59.121382,2026-01-31 18:59:59.121382,28.95,9.552795,88.568888,True
ba281d0d-6a32-4d22-9fb3-625bf2c7c4ae,R200,strike,5,2026-03-19 04:59:59.121382,2026-03-21 10:59:59.121382,24.01,31.214939,75.360132,True
58beaeee-0b59-4234-ad43-281890f1f245,R102,accident,4,2026-01-09 02:59:59.121382,2026-01-10 10:59:59.121382,18.05,16.719983,83.971555,True
6127df94-ea22-4c86-8150-6eca82884ffd,R060,accident,5,2025-11-21 01:59:59.121382,2025-11-22 02:59:59.121382,20.77,15.251646,80.094413,True
51a02a78-b159-46e0-9a35-c5a2dbf41ad2,R158,mechanical,2,2026-01-17 18:59:59.121382,2026-01-20 03:59:59.121382,24.56,28.439079,94.247266,True
a7fa9e6a-19b4-44a4-ac5d-4abf3bdbe6bb,R088,mechanical,2,2026-02-08 13:59:59.121382,2026-02-09 20:59:59.121382,36.02,22.140355,84.771544,True
ddd60a0e-cc8d-490c-9c4e-819891607ca2,R123,mechanical,1,2026-03-28 00:59:59.121382,2026-03-30 21:59:59.121382,9.52,30.799297,78.931549,True
42fd7956-e18a-4acc-9a6f-29d3101e1202,R196,mechanical,3,2026-03-17 19:59:59.121382,2026-03-19 04:59:59.121382,41.83,8.062087,79.026994,True
1d8047dc-873d-43c5-96b3-4973d9ccd94a,R100,mechanical,4,2025-11-24 02:59:59.121382,2025-11-24 08:59:59.121382,49.89,22.593622,81.478742,True
bff72b8f-95bc-4276-bf3e-ae946c8b7dbb,R047,congestion,2,2025-11-15 23:59:59.121382,2025-11-17 01:59:59.121382,43.48,31.068396,69.439114,True
7ceef87a-fd5b-47f1-ba32-0da9434b7499,R010,mechanical,1,2025-11-01 06:59:59.121382,2025-11-01 21:59:59.121382,48.9,13.630428,71.783213,True
3efc0590-9182-4000-9802-36eb86b7b44f,R188,strike,5,2025-12-25 09:59:59.121382,2025-12-26 06:59:59.121382,38.55,23.815523,69.484984,True
cf3ff46b-9d09-47b6-80ea-f49aa17ae1e3,R169,weather,1,2026-03-14 15:59:59.121382,2026-03-17 00:59:59.121382,48.78,12.606728,73.674323,True
404cfef3-69dc-43cf-955f-390227b6de71,R095,accident,4,2026-01-25 16:59:59.121382,2026-01-27 08:59:59.121382,40.33,12.46525,91.017805,True
7df7564e-f85e-46e2-90dd-aa04edab1d1f,R109,weather,4,2026-02-12 03:59:59.121382,2026-02-13 15:59:59.121382,12.08,24.061368,79.100992,True
4cb382b8-228e-42a4-a4b1-57e0b4e4749c,R164,congestion,3,2026-01-08 21:59:59.121382,2026-01-10 08:59:59.121382,40.14,25.42975,77.493924,True
2b0071db-ddbe-4c3b-a459-1d8c3a412ba4,R038,road_closure,4,2026-03-09 20:59:59.121382,2026-03-10 00:59:59.121382,8.73,32.294144,72.429763,True
1e5be7dd-5edf-467c-aebd-6b204577ef8c,R153,mechanical,3,2025-11-16 01:59:59.121382,2025-11-16 15:59:59.121382,24.48,29.270348,79.271024,True
d614bf65-b37d-4d75-9772-eb0c344614ac,R036,road_closure,2,2026-02-21 21:59:59.121382,2026-02-24 05:59:59.121382,22.74,15.73303,88.766711,True
22d13b05-6f34-4359-a985-ded406f2b5e6,R120,mechanical,1,2026-03-27 05:59:59.121382,2026-03-27 23:59:59.121382,44.62,25.405276,76.237753,True
8dd2e03e-2eb4-4c6f-8d19-c2e02a8be2d3,R010,mechanical,2,2026-02-03 05:59:59.121382,2026-02-04 10:59:59.121382,24.11,24.864384,72.878194,True
a1ff335e-0795-40b0-b654-8523365a8892,R165,mechanical,5,2026-02-07 19:59:59.121382,2026-02-09 10:59:59.121382,47.4,23.086168,88.185007,True
572d6313-fef4-42bc-bc13-b4330eadbd33,R161,congestion,2,2026-03-02 12:59:59.121382,2026-03-04 10:59:59.121382,37.13,31.371916,71.834134,True
f5c8f9f1-a74d-4f1e-bb41-431f9f54b04d,R090,weather,4,2026-04-02 11:59:59.121382,2026-04-03 06:59:59.121382,23.66,29.684471,75.317686,True
1e034c1a-c5ea-4211-826b-23234b83c981,R069,mechanical,1,2026-01-04 03:59:59.121382,2026-01-06 13:59:59.121382,29.01,32.241378,91.62206,True
12015ef6-ae31-4bb0-8bd9-30d02817a1a8,R018,accident,3,2025-12-29 07:59:59.121382,2025-12-29 23:59:59.121382,12.49,11.994121,85.75282,True
b94da423-38b9-4f8b-9741-b1e3514505a8,R098,road_closure,3,2025-12-29 23:59:59.121382,2026-01-01 05:59:59.121382,40.83,29.434615,77.222281,True
9cdd529a-dca9-4d23-98b1-948c63fb01c7,R055,road_closure,1,2026-03-26 10:59:59.121382,2026-03-29 01:59:59.121382,19.86,28.255934,90.627521,True
e95921ac-e8c2-4009-b797-60e9862aa428,R069,weather,4,2025-11-16 14:59:59.121382,2025-11-17 16:59:59.121382,49.65,35.296488,85.374442,True
56c8971a-58e5-4f7a-aa90-0f2f5aa9e0a3,R196,congestion,5,2026-02-16 09:59:59.121382,2026-02-16 12:59:59.121382,44.04,20.918302,88.708064,True
9472916e-c9f5-42fb-bc48-b59efd4d7421,R038,road_closure,4,2026-03-14 19:59:59.121382,2026-03-15 10:59:59.121382,40.81,19.546493,76.769125,True
f1d4b781-5afe-44d9-b981-aa6cb251529b,R021,weather,1,2025-11-26 04:59:59.121382,2025-11-27 17:59:59.121382,7.99,31.76602,91.933745,True
63794638-7042-4254-b3fc-f17d6ccbe486,R113,strike,1,2025-12-14 00:59:59.121382,2025-12-16 15:59:59.121382,14.51,26.070855,82.343104,True
2fe9b9df-d140-4ef1-a9ef-075b929b444e,R055,mechanical,4,2025-11-25 04:59:59.121382,2025-11-26 19:59:59.121382,36.95,10.118502,78.967646,True
514914b0-997f-439c-a673-17d899c4fc27,R033,strike,2,2025-11-24 19:59:59.121382,2025-11-27 05:59:59.121382,49.88,35.28744,83.113318,True
52a54e36-5112-47b1-888c-b70816dc9677,R137,road_closure,2,2025-11-30 21:59:59.121382,2025-12-01 05:59:59.121382,25.22,14.521378,75.874798,True
61da4a77-a25a-4fbf-bcd4-51902e1d8d9e,R046,strike,4,2026-03-22 02:59:59.121382,2026-03-23 22:59:59.121382,29.92,36.733239,81.696148,True
5c137544-3789-4bdc-b45c-e0b40ff16739,R045,road_closure,2,2026-03-08 10:59:59.121382,2026-03-10 00:59:59.121382,26.68,14.523551,93.457133,True
c4b4fd3c-7414-4024-b493-5326a8287fa3,R068,congestion,5,2025-11-09 18:59:59.121382,2025-11-10 00:59:59.121382,13.27,8.518332,77.706958,True
72703277-52b9-451e-b87a-b4e20787fd9e,R100,accident,2,2026-03-16 19:59:59.121382,2026-03-18 16:59:59.121382,20.1,14.10832,95.516529,True
72d106b5-be99-45f4-b6f7-74fc0435b863,R050,accident,3,2025-12-17 13:59:59.121382,2025-12-19 19:59:59.121382,29.14,29.701245,93.19396,True
7e7d0721-aab8-42fa-915b-0bf6a8fa613b,R063,congestion,3,2025-12-05 22:59:59.121382,2025-12-07 11:59:59.121382,46.81,19.296926,82.827577,True
a8715d3c-db3b-47d7-85f1-caf5c895e234,R036,strike,2,2026-01-23 00:59:59.121382,2026-01-25 20:59:59.121382,30.79,8.188355,71.183706,True
ea7264ed-bd80-46f4-8132-b4bdbdab2921,R015,accident,1,2026-01-25 05:59:59.121382,2026-01-27 21:59:59.121382,32.78,22.173207,84.794314,True
f5b825d8-f07c-4348-9594-d04fd0834cf7,R101,road_closure,2,2025-12-14 07:59:59.121382,2025-12-16 13:59:59.121382,16.95,29.897725,89.77353,True
da8cb10a-e053-464e-8f8b-28cff8ae339e,R065,accident,5,2026-04-20 19:59:59.121382,2026-04-23 04:59:59.121382,8.34,35.408408,74.219289,False
4cc195c0-55d6-410c-aeaa-c8d140ca4bfc,R041,strike,3,2026-01-22 09:59:59.121382,2026-01-24 20:59:59.121382,42.21,27.702411,95.16395,True
c4fb421c-7cd5-49f8-a2aa-8ab20b4e0ef3,R007,strike,5,2025-12-31 07:59:59.121382,2026-01-02 19:59:59.121382,25.08,20.531398,83.625762,True
c9fb6877-d0e9-497a-91d2-36345b72c134,R090,accident,2,2026-04-04 06:59:59.121382,2026-04-04 08:59:59.121382,34.32,28.651424,80.257921,True
a077129f-86f4-4561-a20e-aa6e73e39359,R118,weather,1,2026-03-25 03:59:59.121382,2026-03-28 02:59:59.121382,44.38,8.40547,90.382359,True
91d098ae-8123-4a65-a8f9-381548b00ed6,R084,strike,1,2026-02-21 14:59:59.121382,2026-02-24 04:59:59.121382,18.89,14.556877,92.554938,True
0bacef05-fe74-4d36-a3a0-4ca56ec5c0c1,R060,mechanical,4,2026-01-06 01:59:59.121382,2026-01-08 19:59:59.121382,44.53,14.514525,91.522075,True
1e2b57e7-0314-4671-9c70-7ef54c716da1,R056,strike,4,2026-02-25 13:59:59.121382,2026-02-25 17:59:59.121382,12.46,13.346679,80.849202,True
18a261d0-4ac2-4def-a4aa-a84491958c98,R199,mechanical,5,2025-11-25 20:59:59.121382,2025-11-27 06:59:59.121382,34.67,29.107191,70.723389,True
d0503c97-812b-4f32-b21d-544e7c1d79a8,R091,weather,2,2025-10-25 03:59:59.121382,2025-10-25 17:59:59.121382,5.5,16.268862,73.667255,True
8857ff28-74fb-4865-b79e-e3667bf35e9a,R032,accident,2,2026-01-05 07:59:59.121382,2026-01-05 17:59:59.121382,21.76,28.11898,79.444243,True
c38ff73f-a716-4eae-a63d-1b16f86b7dc9,R040,weather,1,2026-02-09 18:59:59.121382,2026-02-10 10:59:59.121382,32.47,32.718595,89.940027,True
3da1f661-de87-4663-9acf-af1c3a2f472d,R089,weather,3,2026-04-08 03:59:59.121382,2026-04-08 14:59:59.121382,22.73,12.208211,82.270267,True
86474537-3d30-4753-83e6-301248a063ad,R084,weather,2,2026-01-15 19:59:59.121382,2026-01-18 03:59:59.121382,44.47,21.094844,84.808716,True
d4d235cf-59e1-4bcc-b119-fdde71b4ef80,R103,weather,5,2026-03-10 17:59:59.121382,2026-03-11 22:59:59.121382,6.38,16.261265,89.82172,True
186f8537-980b-46b8-9f72-2ab8393812fa,R125,mechanical,3,2026-02-27 06:59:59.121382,2026-02-27 23:59:59.121382,48.96,13.394988,95.101572,True
52020198-59a4-4aa9-a031-79d1976b24ad,R192,road_closure,1,2025-11-25 20:59:59.121382,2025-11-28 13:59:59.121382,15.12,11.410389,95.500972,True
ba44b42c-2145-4ef9-9932-e4945e52a2f4,R118,road_closure,5,2026-03-21 15:59:59.121382,2026-03-23 15:59:59.121382,38.7,8.168309,76.727774,True
5020f8ed-1f14-4e56-939e-a44a832dd44b,R077,strike,2,2026-03-07 01:59:59.121382,2026-03-09 17:59:59.121382,21.23,21.970919,77.208824,True
a0dd4d05-69f3-495c-afe0-3644a3e43c33,R042,accident,1,2026-01-27 06:59:59.121382,2026-01-28 04:59:59.121382,21.96,22.763416,80.564272,True
7c291a0d-ba6b-4120-b4f8-90569fbebe12,R168,congestion,1,2026-01-06 02:59:59.121382,2026-01-08 16:59:59.121382,36.46,15.320505,68.538192,True
d5c10780-8036-4670-bf7b-fa6639ca3b18,R150,accident,5,2026-02-10 11:59:59.121382,2026-02-10 22:59:59.121382,8.99,35.327962,96.603188,True
f658be25-c965-4ef1-b2aa-c405de185255,R012,congestion,4,2026-01-31 21:59:59.121382,2026-02-03 16:59:59.121382,39.09,25.281878,86.686605,True
6e48cb6c-8a59-4b9b-9838-3aea925ae06c,R035,congestion,5,2026-01-16 00:59:59.121382,2026-01-18 16:59:59.121382,7.48,20.462616,82.327243,True
897d2be2-7038-46c2-965c-67915a271f07,R196,strike,2,2025-12-05 11:59:59.121382,2025-12-06 13:59:59.121382,46.61,22.6807,68.743335,True
9b00b5c9-be1b-42b0-bfdf-03763c081163,R041,mechanical,5,2026-04-02 13:59:59.121382,2026-04-03 10:59:59.121382,29.7,9.736364,95.888336,True
285a761f-537d-47f3-ba2a-7a97a41ef97f,R016,mechanical,1,2026-04-14 13:59:59.121382,2026-04-14 19:59:59.121382,43.46,26.875486,81.782149,True
bfef3726-5469-4775-a280-b9b5399937b6,R129,accident,1,2025-12-27 22:59:59.121382,2025-12-28 18:59:59.121382,35.38,11.837586,87.632989,True
42f16323-9f4a-4da7-8f71-22cce1f4c506,R047,mechanical,2,2026-03-11 13:59:59.121382,2026-03-11 18:59:59.121382,17.92,11.029717,81.029579,True
07578f8c-d851-4822-be6a-4c1751b699cb,R005,weather,4,2026-02-01 08:59:59.121382,2026-02-04 00:59:59.121382,10.22,19.9264,81.34978,True
09769083-5914-433e-a349-fad9cf0b04de,R184,weather,2,2025-11-26 14:59:59.121382,2025-11-28 22:59:59.121382,33.0,18.689999,69.909423,True
d3f80ee6-3efb-427c-9ece-22721f2cc383,R135,strike,2,2026-04-11 22:59:59.121382,2026-04-12 01:59:59.121382,9.51,21.042037,83.769111,True
7809f58e-3848-421e-a21f-75c07fa275ec,R132,road_closure,3,2026-04-04 00:59:59.121382,2026-04-06 04:59:59.121382,31.68,19.74953,74.106797,True
74c5b1f1-ef61-43ce-9c77-02580a0a6ca4,R051,congestion,4,2026-02-14 14:59:59.121382,2026-02-17 04:59:59.121382,36.08,15.450036,73.080869,True
06892a8d-3190-4196-b3aa-c52292544e59,R179,mechanical,4,2026-03-19 18:59:59.121382,2026-03-20 13:59:59.121382,35.06,35.719094,91.210459,True
e20262a2-4982-426d-80ad-0b4ccbd60abf,R042,strike,4,2026-04-17 21:59:59.121382,2026-04-18 01:59:59.121382,23.65,19.941679,81.740445,True
51dead9d-7994-44ee-aa16-2866fa44b3d6,R101,road_closure,3,2026-02-05 14:59:59.121382,2026-02-06 04:59:59.121382,16.43,31.400081,76.523759,True
2b5b6038-6934-41d4-b595-a050d055b968,R115,strike,4,2026-01-29 17:59:59.121382,2026-02-01 16:59:59.121382,25.93,10.363209,86.647376,True
b2f53012-cea7-4600-86be-18fc9da712fe,R002,mechanical,2,2026-03-21 15:59:59.121382,2026-03-22 11:59:59.121382,23.91,14.227856,92.199739,True
f42cef59-b049-4777-9402-f083cadd5b18,R115,strike,5,2026-02-26 00:59:59.121382,2026-02-26 08:59:59.121382,48.62,24.954038,80.204458,True
6fbb5839-ccf5-4503-81d9-a1f20189d497,R002,road_closure,4,2026-01-05 23:59:59.121382,2026-01-07 07:59:59.121382,19.57,8.085919,75.041243,True
ab386cbe-727b-4965-a40f-5072bb1b21f6,R087,accident,3,2025-10-27 01:59:59.121382,2025-10-29 20:59:59.121382,45.76,31.946995,78.197784,True
49988829-6ef0-4217-b968-b22843f87da4,R075,strike,4,2025-11-19 07:59:59.121382,2025-11-20 08:59:59.121382,23.16,33.373066,92.903787,True
17efe888-df1d-4d34-9f9b-ee9985e6e06f,R042,mechanical,2,2026-04-03 14:59:59.121382,2026-04-03 19:59:59.121382,45.12,22.075799,78.263269,True
af205317-7cb5-4361-8705-624e110c316c,R032,accident,2,2025-11-06 04:59:59.121382,2025-11-07 08:59:59.121382,47.6,13.643958,79.330806,True
72cac177-1aad-4f94-99d2-4884a91b16a0,R164,accident,2,2025-12-19 07:59:59.121382,2025-12-20 19:59:59.121382,36.17,21.279813,84.510721,True
1d09b5a8-324b-494f-b1a3-87fa487957f0,R137,road_closure,4,2026-02-19 19:59:59.121382,2026-02-22 03:59:59.121382,44.15,9.095706,69.247405,True
36234246-06b9-4579-a773-dad9772637cd,R069,mechanical,5,2025-12-27 19:59:59.121382,2025-12-28 04:59:59.121382,42.61,13.073434,85.295177,True
a88467fb-9f0c-4ecf-8b55-7048c9a714b6,R072,congestion,5,2026-01-28 20:59:59.121382,2026-01-29 02:59:59.121382,29.59,25.055051,94.608021,True
8f3c39f2-0990-42e7-a87b-b1f97691d38e,R147,congestion,2,2026-01-04 04:59:59.121382,2026-01-06 23:59:59.121382,9.14,27.600865,96.815428,True
68249146-89a7-4df4-ae65-04b156f3c116,R186,road_closure,2,2025-12-21 12:59:59.121382,2025-12-21 22:59:59.121382,13.71,32.958905,83.132874,True
606f6b77-dfea-4f65-82bd-b7f6eabd9745,R010,road_closure,2,2025-12-10 07:59:59.121382,2025-12-13 02:59:59.121382,11.72,21.349483,84.427532,True
28e4d531-7162-4475-a8c4-4709e0b22ba6,R057,weather,3,2025-11-01 02:59:59.121382,2025-11-02 17:59:59.121382,8.85,8.454499,80.12195,True
40f12d7d-4c45-49d5-a62c-e1a6d05b4129,R077,strike,4,2025-11-06 17:59:59.121382,2025-11-08 21:59:59.121382,47.41,15.517539,71.547819,True
640ff37d-ebcf-42b4-b583-067ce3a9fac2,R039,weather,1,2026-01-03 22:59:59.121382,2026-01-06 15:59:59.121382,39.54,30.40958,72.883174,True
0d4f4b10-cca2-4b9c-a0dd-676deb907c17,R173,road_closure,1,2026-04-16 09:59:59.121382,2026-04-17 21:59:59.121382,21.75,20.246471,75.324271,True
99b810c2-5dcc-4c08-bf1d-c3f065f1ad48,R145,weather,4,2025-12-17 05:59:59.121382,2025-12-17 20:59:59.121382,7.21,8.968687,70.641448,True
f54def11-8c65-43cb-ba1f-0c6ad0ff7f6f,R149,mechanical,2,2025-12-29 06:59:59.121382,2026-01-01 02:59:59.121382,24.97,36.013819,95.942938,True
e129787c-3e0b-496a-8386-fcc27d4b332d,R015,strike,2,2025-11-08 08:59:59.121382,2025-11-08 17:59:59.121382,7.75,29.555676,74.291354,True
04e38b94-555c-46a2-a2e9-5e60587c51ea,R163,road_closure,1,2026-03-16 06:59:59.121382,2026-03-16 09:59:59.121382,34.1,24.240116,81.061312,True
35947a8b-275d-4cd7-8fb1-c2e55c6a85aa,R135,weather,4,2025-11-30 13:59:59.121382,2025-12-01 04:59:59.121382,36.51,21.645796,77.12101,True
6e8f7f1e-cb56-4259-8054-63eddd79baba,R008,road_closure,3,2026-02-17 23:59:59.121382,2026-02-18 15:59:59.121382,21.3,33.374695,90.232057,True
b1f599f1-a484-4537-a47f-b80d4ad49de4,R006,congestion,5,2026-02-13 16:59:59.121382,2026-02-13 19:59:59.121382,28.37,8.699243,94.035144,True
922e4134-0aa5-490b-b26f-0f36c9cf0aa9,R123,accident,1,2025-12-02 15:59:59.121382,2025-12-03 04:59:59.121382,47.1,31.655569,79.694552,True
37f8b3cd-c98e-4180-9f49-ed1193000390,R109,road_closure,4,2025-11-23 12:59:59.121382,2025-11-25 15:59:59.121382,45.0,26.741323,69.007752,True
06e52cf0-0ad1-4584-b70d-8af10c7ebc2a,R134,weather,1,2026-02-04 13:59:59.121382,2026-02-04 19:59:59.121382,38.41,19.904983,93.117734,True
86616f61-ae65-4927-a7b1-92f5949b4a8b,R170,mechanical,4,2025-11-24 01:59:59.121382,2025-11-26 09:59:59.121382,10.47,18.571717,90.796919,True
baa6abc3-f58d-490c-9c8d-4cc2c0d7d669,R113,mechanical,5,2026-02-25 10:59:59.121382,2026-02-26 20:59:59.121382,40.19,12.638925,68.412618,True
31276fc1-8f6e-40be-b669-70a1d6ff5a6d,R105,road_closure,4,2026-03-09 15:59:59.121382,2026-03-11 14:59:59.121382,18.94,20.054169,92.129181,True
71102156-f0dc-4d28-96b2-5f95d6fefad9,R139,road_closure,2,2026-03-07 23:59:59.121382,2026-03-09 11:59:59.121382,42.57,15.31366,77.417768,True
7dff6cdd-019d-4ba7-a436-8b0e9a7ac9f9,R096,accident,1,2026-03-01 11:59:59.121382,2026-03-03 21:59:59.121382,47.46,32.456638,88.82218,True
386d7031-e161-4cfd-832f-755b630314a6,R010,mechanical,2,2026-03-10 07:59:59.121382,2026-03-10 18:59:59.121382,6.39,36.332161,86.621745,True
812039ed-7772-44d2-9420-2a8c8cbcfb06,R147,weather,4,2026-01-21 19:59:59.121382,2026-01-22 19:59:59.121382,35.03,36.715562,70.629201,True
e6c202a8-1ab0-4cd8-a6e7-c34e999ce5cb,R086,weather,2,2026-01-03 11:59:59.121382,2026-01-03 15:59:59.121382,16.93,26.027258,71.718668,True
347b98dd-f503-487e-8514-27d9dc42046e,R005,accident,2,2026-01-27 14:59:59.121382,2026-01-27 19:59:59.121382,45.57,25.587275,89.904829,True
8472bcea-e60c-43de-a36f-3e927eea2bab,R031,mechanical,3,2026-01-18 11:59:59.121382,2026-01-20 17:59:59.121382,34.75,12.104917,88.601242,True
a9ddf2bf-b4e3-4112-b9af-cef8dbbab24a,R181,road_closure,3,2025-12-29 10:59:59.121382,2025-12-31 10:59:59.121382,24.86,27.370078,80.453145,True
148d787d-2b28-4735-8b52-076d840f4e69,R017,road_closure,2,2025-12-20 04:59:59.121382,2025-12-20 10:59:59.121382,18.35,28.199865,75.86336,True
851098fa-9aa5-41d7-a0a2-d94bd31d81e6,R200,congestion,5,2025-11-21 12:59:59.121382,2025-11-22 20:59:59.121382,9.98,31.083224,85.681114,True
25d523dc-bd89-4e78-bd97-642f45a5e835,R187,road_closure,3,2026-03-01 12:59:59.121382,2026-03-01 23:59:59.121382,5.87,23.770156,87.457808,True
4945b51a-2f90-4d34-b3b2-e3c440e87e02,R062,road_closure,1,2026-03-24 08:59:59.121382,2026-03-25 22:59:59.121382,21.25,21.756807,78.183167,True
5456d54b-3d38-4054-8cb8-55eed928514b,R198,mechanical,1,2026-03-13 20:59:59.121382,2026-03-15 02:59:59.121382,42.31,24.536901,78.613896,True
ea199fac-1dd5-4f1f-bdec-6f5790c9bed4,R136,road_closure,3,2026-04-13 10:59:59.121382,2026-04-14 05:59:59.121382,37.7,25.757088,80.71165,True
a9bc2e9e-5718-4adc-acb3-308f49b67f08,R055,strike,3,2026-02-03 13:59:59.121382,2026-02-05 19:59:59.121382,39.16,33.564789,83.45382,True
79c609a7-df91-4d82-a87f-8c0c3406dad6,R144,strike,3,2026-03-07 04:59:59.121382,2026-03-08 15:59:59.121382,39.26,25.522946,91.685613,True
41f695fd-891f-4c3f-861c-8878c24f20f2,R110,accident,3,2026-03-06 07:59:59.121382,2026-03-07 21:59:59.121382,7.4,26.378228,74.446441,True
35702efb-860c-4f15-a645-61d5e59fbfba,R148,accident,2,2026-02-28 05:59:59.121382,2026-03-01 03:59:59.121382,15.08,34.235026,81.777687,True
317664f4-3f74-433b-ba3f-3b274612611a,R082,road_closure,1,2025-12-05 10:59:59.121382,2025-12-05 17:59:59.121382,24.48,27.265984,74.207521,True
f149e8ff-cb71-41ef-9bb1-38cf0a3824f6,R032,strike,2,2026-01-07 09:59:59.121382,2026-01-10 01:59:59.121382,47.53,16.188616,76.572375,True
6ec5ef3e-0359-4616-8399-200888f35ffb,R191,mechanical,5,2026-01-24 19:59:59.121382,2026-01-25 11:59:59.121382,42.72,9.698319,72.134131,True
30fd7dc5-0913-4278-9cc5-a22b1cca90be,R035,weather,4,2025-11-29 06:59:59.121382,2025-12-02 00:59:59.121382,35.8,32.957451,68.383707,True
188540ac-344a-49bc-8aea-b8de2f3962e9,R105,weather,2,2026-03-18 08:59:59.121382,2026-03-20 15:59:59.121382,8.08,12.302088,90.217531,True
e4e33ddf-683b-4593-bcb3-12ed52e3d123,R166,congestion,1,2025-12-30 23:59:59.121382,2026-01-02 12:59:59.121382,25.84,17.854984,82.583928,True
7de2b613-e153-456e-9440-1e303358c92e,R162,congestion,2,2026-01-16 11:59:59.121382,2026-01-16 21:59:59.121382,44.22,12.926714,79.108905,True
10f89546-a4d0-461a-a7af-a8f443ab87b2,R179,weather,3,2026-04-09 18:59:59.121382,2026-04-11 23:59:59.121382,13.34,25.302601,89.009293,True
89ada346-64ca-46a9-88d6-f5f843a82aa9,R004,congestion,3,2026-02-01 20:59:59.121382,2026-02-04 06:59:59.121382,39.13,30.306417,80.436776,True
c99227f2-7388-407b-bf98-f5bfa2d75034,R022,congestion,3,2025-10-28 21:59:59.121382,2025-10-30 06:59:59.121382,11.26,24.179123,75.362545,True
950b5ba8-108d-4fb2-991a-2a3b0b5b33d1,R136,accident,2,2026-03-10 22:59:59.121382,2026-03-12 00:59:59.121382,13.58,11.921608,75.907635,True
2d4d135e-076d-4f04-a5b5-3962223cc945,R163,road_closure,4,2025-12-26 09:59:59.121382,2025-12-28 05:59:59.121382,22.13,19.120422,77.088988,True
dcce9c1f-e8b1-433e-82a8-f6776596ed41,R022,congestion,2,2026-02-28 02:59:59.121382,2026-03-02 15:59:59.121382,49.55,9.287463,91.70844,True
096934e7-5071-451d-9915-1f71f5ba9346,R066,congestion,5,2026-01-16 14:59:59.121382,2026-01-17 12:59:59.121382,37.99,26.389736,71.674928,True
211d9626-9bc3-49c5-a359-4836c1441d72,R087,strike,5,2026-01-02 19:59:59.121382,2026-01-04 10:59:59.121382,23.95,21.124371,93.554723,True
719c89d6-1cd9-4d03-a4fb-1ac5924392e0,R143,road_closure,2,2026-04-16 20:59:59.121382,2026-04-17 03:59:59.121382,40.62,32.514779,76.611408,True
5f3f6fd0-474a-4e03-9518-359ffa93d2d1,R024,mechanical,1,2025-11-27 14:59:59.121382,2025-11-28 14:59:59.121382,31.75,27.809325,84.835059,True
08402fff-0063-4907-992a-3c96c0de6e74,R012,road_closure,3,2026-02-01 06:59:59.121382,2026-02-01 16:59:59.121382,36.27,15.447591,80.941605,True
1e421132-880a-4a04-8e28-7c1210b15dd3,R029,weather,5,2026-02-12 22:59:59.121382,2026-02-15 12:59:59.121382,49.07,13.591255,86.19389,True
b25d2ab5-4ed9-4031-bb2a-f49307647c1a,R113,weather,1,2026-02-02 01:59:59.121382,2026-02-04 01:59:59.121382,18.33,33.80901,90.788213,True
a7c4aa71-2872-4c6f-a937-8e62aaebad0b,R133,accident,3,2026-02-18 03:59:59.121382,2026-02-19 03:59:59.121382,39.11,28.455334,80.106762,True
bc7afe1c-578b-4616-90a0-217c951ec80b,R079,road_closure,2,2026-03-23 17:59:59.121382,2026-03-25 01:59:59.121382,24.38,16.048853,83.149116,True
eb6caab5-4e1c-47db-be98-c13ddb379ee1,R142,strike,4,2026-03-24 13:59:59.121382,2026-03-26 09:59:59.121382,15.7,34.247556,93.210863,True
13576605-403a-4f61-977c-94b06c3d0735,R028,weather,1,2025-11-16 10:59:59.121382,2025-11-18 17:59:59.121382,23.07,26.705909,92.6086,True
c7cf98f4-7462-4e91-881b-57fe62c2bee6,R116,congestion,4,2025-11-03 12:59:59.121382,2025-11-06 00:59:59.121382,32.44,28.386004,73.297228,True
208719ba-8a9e-4e03-9690-d34357faee17,R071,strike,5,2026-04-06 23:59:59.121382,2026-04-07 14:59:59.121382,12.45,24.171629,84.726065,True
826f8ca6-6b61-4a8c-a00e-4c6fc26d61db,R052,congestion,2,2025-10-30 07:59:59.121382,2025-10-31 12:59:59.121382,48.57,28.964537,87.994743,True
ba77cd7d-0c1d-4f4b-98c6-70b482aba2e6,R021,congestion,2,2026-02-04 08:59:59.121382,2026-02-05 17:59:59.121382,36.36,11.237486,81.299542,True
bd02dfff-f847-4482-b6bb-1637348e134f,R107,strike,4,2025-11-29 23:59:59.121382,2025-12-01 22:59:59.121382,44.75,23.762497,92.375541,True
d6a49949-a476-41d5-8878-d978cef7650b,R161,accident,1,2025-11-05 04:59:59.121382,2025-11-06 23:59:59.121382,21.27,8.102562,95.002804,True
609e7c2a-63f5-4e8e-9073-c84dfc78b658,R157,strike,4,2026-02-13 20:59:59.121382,2026-02-16 19:59:59.121382,43.46,12.090734,88.570392,True
42463256-0e96-4759-a57c-e49610074806,R045,accident,2,2025-12-20 19:59:59.121382,2025-12-22 14:59:59.121382,36.05,32.311797,84.10976,True
83a22c1d-8452-432a-a704-490e4572b3e5,R172,accident,4,2026-02-10 19:59:59.121382,2026-02-12 16:59:59.121382,43.31,11.656978,79.395805,True
0257e76e-37fd-4677-bbf0-7a351b6e33ac,R004,strike,2,2025-11-05 07:59:59.121382,2025-11-06 07:59:59.121382,10.47,28.536273,92.150001,True
caa7586b-f581-479e-b47e-e41b5b4f7f1a,R186,strike,1,2025-12-26 09:59:59.121382,2025-12-27 10:59:59.121382,29.67,22.767136,95.406466,True
c57f03fe-3719-48c5-b0d1-ed05a0c60f17,R113,weather,5,2026-04-07 11:59:59.121382,2026-04-09 18:59:59.121382,20.19,23.212982,74.459714,True
6287c930-4a55-4b0d-b071-87ef31aa63f1,R084,road_closure,1,2026-01-06 08:59:59.121382,2026-01-08 18:59:59.121382,9.99,10.454636,69.348385,True
c5537cad-52f9-4e0e-aad8-20b133d6f845,R042,congestion,1,2026-04-06 12:59:59.121382,2026-04-08 10:59:59.121382,8.92,16.006179,80.865724,True
73dc7f3f-2190-43d8-aeb5-5606b6e74d97,R039,strike,3,2025-11-15 00:59:59.121382,2025-11-17 09:59:59.121382,18.75,35.490183,84.584595,True
ce692f6c-68b1-4811-996f-63b98ee52770,R163,strike,2,2026-03-22 20:59:59.121382,2026-03-24 11:59:59.121382,34.87,28.738063,86.547061,True
aa2d90ea-2eab-46b8-bc28-2e8726cb4f79,R052,mechanical,5,2026-03-16 03:59:59.121382,2026-03-17 19:59:59.121382,20.13,21.711329,94.093029,True
af075072-2c82-4976-975b-907198177357,R113,road_closure,4,2026-04-17 16:59:59.121382,2026-04-18 10:59:59.121382,16.59,12.38164,88.320433,True
f03eaac4-70a9-45bb-ad8c-78eda2637894,R181,weather,3,2025-12-20 01:59:59.121382,2025-12-21 04:59:59.121382,20.81,18.948817,90.871906,True
6d4d06ea-c217-4a5f-aa37-502e631e0bed,R086,congestion,5,2026-01-12 21:59:59.121382,2026-01-14 05:59:59.121382,21.3,32.100146,91.169982,True
a22d89e6-193a-49c7-980e-f4328cf3d226,R086,mechanical,2,2025-11-13 04:59:59.121382,2025-11-14 20:59:59.121382,40.6,31.754776,70.031004,True
be997150-e387-44c7-917d-a9ea449555d7,R186,mechanical,5,2025-12-04 04:59:59.121382,2025-12-05 12:59:59.121382,31.27,21.458038,81.050827,True
f9761556-190d-444a-9314-facc3b9829f1,R136,accident,3,2026-04-20 15:59:59.121382,2026-04-22 05:59:59.121382,10.52,30.27451,92.243549,False
07547807-6672-49b2-af31-0c2f2af26b50,R136,mechanical,3,2026-02-06 12:59:59.121382,2026-02-08 00:59:59.121382,16.35,27.672443,76.299401,True
23f6fe4b-8dfa-4b1b-9782-38711a7af5da,R083,mechanical,5,2026-02-01 11:59:59.121382,2026-02-01 13:59:59.121382,7.45,30.101146,80.450314,True
8803746d-1ad8-4f8d-93ea-796b5595736c,R081,accident,3,2025-12-25 18:59:59.121382,2025-12-26 09:59:59.121382,45.13,19.040171,83.616403,True
636a7337-b073-482d-a692-886f65828247,R058,weather,5,2025-12-18 21:59:59.121382,2025-12-21 00:59:59.121382,8.47,28.178267,95.582254,True
9537da47-ed13-4022-a951-bd53a7e28ab8,R014,weather,5,2026-04-20 10:59:59.121382,2026-04-22 12:59:59.121382,10.21,20.065476,72.997043,False
2170c703-fa56-4092-97f8-bfe72959a5a6,R003,accident,1,2025-12-18 01:59:59.121382,2025-12-19 11:59:59.121382,17.2,14.867143,82.573359,True
faa6b8f3-8ef1-4aee-8008-e6a20b0a2923,R025,mechanical,2,2025-10-31 18:59:59.121382,2025-11-03 08:59:59.121382,30.68,26.951179,76.108237,True
8291e35f-eec4-4458-8be7-018426c3dbcc,R076,accident,4,2025-12-05 04:59:59.121382,2025-12-06 09:59:59.121382,45.56,21.463726,94.88807,True
f07c20d3-ed95-422e-b06b-a0d0ea4ea5bf,R094,road_closure,4,2025-11-09 10:59:59.121382,2025-11-12 09:59:59.121382,11.68,11.091959,78.021845,True
1f1c0dd9-8b29-4cd0-8cca-fd9f53f72c0c,R098,road_closure,4,2025-12-10 09:59:59.121382,2025-12-12 17:59:59.121382,43.53,18.881993,85.371366,True
acf6c1f3-e64c-4db6-ab40-a7f95fdd2f9d,R145,strike,2,2025-12-30 16:59:59.121382,2026-01-02 01:59:59.121382,11.06,15.793097,86.909736,True
021a0cbe-4957-4792-9cc1-f4435eda142c,R117,road_closure,5,2026-03-27 00:59:59.121382,2026-03-29 04:59:59.121382,13.66,24.513548,79.9043,True
b5e95195-1fb0-4ae6-a3c8-5cd492581b96,R031,congestion,2,2025-12-13 21:59:59.121382,2025-12-14 08:59:59.121382,18.8,28.594206,74.056274,True
f11b6a93-3355-45db-8fea-cb1e36dbe2f5,R018,road_closure,3,2026-04-17 14:59:59.121382,2026-04-18 19:59:59.121382,25.64,32.168348,94.944951,True
aa83ae94-235d-454d-b5f9-3b7dfee23718,R188,congestion,1,2026-02-15 21:59:59.121382,2026-02-18 01:59:59.121382,5.25,31.607506,72.774986,True
2e797765-0537-4994-82bd-5b64b8c28d85,R050,weather,4,2026-01-03 14:59:59.121382,2026-01-04 22:59:59.121382,22.97,29.365756,74.252663,True
4d2c156d-cfcf-4731-a7ec-b1356291775e,R193,accident,2,2025-12-05 23:59:59.121382,2025-12-06 22:59:59.121382,16.19,11.242211,84.39338,True
42dcb0b6-ae68-404a-a7ce-a652b838d16c,R103,weather,3,2025-11-27 09:59:59.121382,2025-11-28 12:59:59.121382,5.38,8.296782,68.642627,True
1afd4dea-fb5e-4065-9629-e42089e52e94,R143,accident,2,2026-03-04 08:59:59.121382,2026-03-04 16:59:59.121382,6.91,33.199949,73.662927,True
9fee2c4a-016d-4e0a-8b06-5b30320a7feb,R117,accident,4,2026-03-29 14:59:59.121382,2026-03-29 23:59:59.121382,37.05,36.283527,88.427761,True
faed0f32-2964-4d48-8493-28ee59fed19f,R152,strike,1,2025-11-24 11:59:59.121382,2025-11-27 03:59:59.121382,43.08,14.624653,80.268049,True
0773f4c5-8896-4680-b765-f84bf2d9cdce,R100,mechanical,3,2026-02-10 00:59:59.121382,2026-02-11 20:59:59.121382,35.29,30.012508,69.969849,True
0411f3ee-2d65-4c91-8dc4-c638c1bf4dc3,R125,strike,1,2026-01-17 19:59:59.121382,2026-01-19 17:59:59.121382,10.17,36.801953,96.849578,True
b3ebd3d1-fc33-4c45-8ea0-a8d457871e7e,R019,congestion,5,2025-11-09 07:59:59.121382,2025-11-12 05:59:59.121382,13.73,35.999084,95.285043,True
9d8b3eba-8b45-40d8-9445-ab8c6d31db8a,R176,strike,2,2025-11-04 06:59:59.121382,2025-11-05 13:59:59.121382,46.5,29.942061,76.977042,True
5e9a11b4-7b38-42e6-a03d-d2b232c1504e,R166,congestion,4,2025-12-30 04:59:59.121382,2026-01-01 11:59:59.121382,20.29,31.719524,76.423967,True
74bc5f30-2147-4814-9193-c82b74f79097,R199,mechanical,2,2026-03-22 09:59:59.121382,2026-03-23 03:59:59.121382,9.5,34.666388,83.462819,True
718f2cfe-b309-465e-b41f-4629236025dd,R007,road_closure,1,2026-03-06 09:59:59.121382,2026-03-06 22:59:59.121382,31.71,13.007065,68.356429,True
082b75b3-05c8-47b2-97cf-baff3efd87f6,R102,weather,3,2026-01-27 12:59:59.121382,2026-01-27 18:59:59.121382,17.96,17.113004,96.23227,True
22d4401d-5c83-44a2-81be-150d6d3a0edb,R112,road_closure,2,2025-10-23 12:59:59.121382,2025-10-24 01:59:59.121382,40.68,19.812616,84.365837,True
b694deca-e5e3-41a7-9c60-fc4521c2e3fc,R062,weather,5,2026-04-21 01:59:59.121382,2026-04-22 09:59:59.121382,10.86,35.2154,90.889713,False
6609035b-7a8e-440b-b122-13b33311e750,R004,road_closure,2,2025-11-23 07:59:59.121382,2025-11-23 23:59:59.121382,33.1,19.543252,77.625282,True
979cb03c-d1a4-4141-8be2-8702f18e5297,R025,strike,3,2025-12-14 02:59:59.121382,2025-12-14 17:59:59.121382,10.39,15.974112,72.014836,True
2a1c5f45-2d51-45ee-a50c-c26feb994964,R169,strike,4,2025-12-07 13:59:59.121382,2025-12-07 22:59:59.121382,18.4,11.221819,75.071334,True
58b110df-9be0-42bc-8910-5d1e3ad58dd8,R106,accident,3,2026-01-26 03:59:59.121382,2026-01-28 19:59:59.121382,15.84,9.865387,91.075272,True
6d4bd8c1-669f-4207-9afd-3e95512c65c8,R141,congestion,4,2026-04-17 16:59:59.121382,2026-04-17 23:59:59.121382,48.87,11.526927,69.886333,True
d2d25cdb-b389-4ad2-8f48-35df7729e195,R013,road_closure,4,2026-03-13 08:59:59.121382,2026-03-15 11:59:59.121382,15.24,36.870894,89.184446,True
f69ce783-703d-44eb-93fb-347f16518922,R120,mechanical,4,2025-11-23 16:59:59.121382,2025-11-25 16:59:59.121382,10.17,25.857513,71.779523,True
5aa4ed47-f2c7-4f88-83bd-67fb1c484fb4,R048,strike,2,2026-01-09 04:59:59.121382,2026-01-11 09:59:59.121382,18.32,10.854689,96.403195,True
28cdd879-8fb0-4eb2-a7c7-a40c1b885521,R170,weather,2,2026-03-17 10:59:59.121382,2026-03-18 18:59:59.121382,22.46,10.247088,72.716221,True
95971ac9-93e1-4ae0-b036-076f1c270e75,R112,road_closure,4,2026-01-21 17:59:59.121382,2026-01-23 00:59:59.121382,17.5,33.821565,94.560828,True
965072ba-b10b-4617-a377-99f94451e000,R091,weather,5,2025-12-16 07:59:59.121382,2025-12-17 03:59:59.121382,17.26,31.961474,77.688239,True
d3425202-c750-446d-b47a-dee61f420201,R172,road_closure,2,2026-03-04 16:59:59.121382,2026-03-05 08:59:59.121382,43.02,11.409045,92.486599,True
097f01ae-1766-4c9a-95b6-9118423c7f9c,R133,accident,4,2025-11-16 01:59:59.121382,2025-11-18 22:59:59.121382,13.83,32.567566,76.982998,True
f4bc9a6b-350f-41e4-a922-f62a9a1623ac,R192,road_closure,4,2026-01-16 15:59:59.121382,2026-01-18 16:59:59.121382,35.56,20.870569,75.136875,True
bba7e2c0-7963-4267-b766-426135710c99,R095,weather,4,2025-10-24 16:59:59.121382,2025-10-25 09:59:59.121382,46.27,32.95753,80.978725,True
260a170f-0e8a-4ef4-8708-df72c40b9026,R157,road_closure,1,2025-12-23 19:59:59.121382,2025-12-24 15:59:59.121382,24.31,24.612904,79.643971,True
66a920bd-e08b-4dc9-9ad6-2cab81936633,R198,congestion,5,2026-04-14 23:59:59.121382,2026-04-15 04:59:59.121382,36.85,27.859307,92.294424,True
66eef8a7-3f89-4089-a8e6-6803e6e8669f,R118,mechanical,2,2026-03-22 05:59:59.121382,2026-03-23 06:59:59.121382,35.6,23.688203,93.877816,True
0f8ee340-d21f-405c-b82f-d1397bea67ce,R193,accident,3,2025-11-04 18:59:59.121382,2025-11-07 15:59:59.121382,46.74,30.955678,71.343447,True
472048ea-81a5-4be7-b9cb-a0e031e8ed4f,R062,accident,2,2026-03-04 18:59:59.121382,2026-03-04 19:59:59.121382,42.65,26.104422,70.107787,True
b496ffdd-f668-4b28-b3d2-9c6379215bcd,R130,mechanical,2,2026-04-05 06:59:59.121382,2026-04-05 12:59:59.121382,30.43,9.752961,89.724352,True
667cdb34-2e88-43ce-a025-a60b43e39a4d,R086,congestion,2,2025-11-14 02:59:59.121382,2025-11-14 03:59:59.121382,7.2,35.784528,74.286152,True
0987c66b-70a1-4610-85af-73621d2c3c43,R027,strike,4,2026-02-13 04:59:59.121382,2026-02-15 22:59:59.121382,25.61,13.706914,86.634818,True
ff806684-8d23-49fc-b152-fd40c103f522,R171,congestion,3,2025-10-29 16:59:59.121382,2025-10-29 19:59:59.121382,17.5,31.445348,72.638283,True
a27fdc65-2e70-4ba6-b4bb-9792a47755e4,R018,congestion,2,2025-10-23 18:59:59.121382,2025-10-25 16:59:59.121382,24.67,22.786348,91.513796,True
39cd4223-7a59-4d37-9a43-9db1adc86191,R026,congestion,2,2025-11-10 01:59:59.121382,2025-11-12 04:59:59.121382,23.06,8.921885,87.552712,True
9ba7e3ae-1202-4dce-8d6c-db805c9757f7,R120,mechanical,1,2025-12-08 09:59:59.121382,2025-12-10 06:59:59.121382,48.1,20.037266,72.323775,True
65e17442-ffdc-4536-8beb-cf11d10b36b7,R151,strike,4,2026-01-23 09:59:59.121382,2026-01-25 01:59:59.121382,29.92,8.938886,85.000921,True
8c909775-5616-43c5-9bf6-4c9ea8499ea9,R126,accident,2,2026-01-19 08:59:59.121382,2026-01-20 17:59:59.121382,29.72,24.419394,85.752345,True
ef841304-358c-4824-80f3-5a5bc9859e88,R009,mechanical,3,2025-12-24 00:59:59.121382,2025-12-26 05:59:59.121382,44.29,13.408819,73.139072,True
aeb215b8-ea02-47d0-972c-557b7ae3bab3,R036,accident,5,2026-04-03 09:59:59.121382,2026-04-03 10:59:59.121382,35.91,11.273213,80.506128,True
19127a3a-c026-4a87-a363-863c958adee8,R162,strike,1,2026-01-26 17:59:59.121382,2026-01-26 18:59:59.121382,46.96,35.670514,90.42501,True
7fd265d6-b3a5-4732-ab13-4013f70fcdcd,R158,mechanical,1,2025-10-25 14:59:59.121382,2025-10-26 00:59:59.121382,20.7,30.879576,90.039918,True
b1992304-8ae8-4da6-93fd-2b13da7c5965,R006,road_closure,1,2025-11-25 20:59:59.121382,2025-11-28 10:59:59.121382,14.31,24.798767,84.782157,True
c7a85525-0985-46fb-9150-f5db0069cfc7,R190,accident,4,2026-04-12 01:59:59.121382,2026-04-12 09:59:59.121382,15.34,33.483754,92.236525,True
12dfc8ad-df77-48e0-bf0f-15d54d089142,R156,accident,5,2026-02-16 01:59:59.121382,2026-02-18 20:59:59.121382,25.35,10.925579,85.033388,True
c83b2794-b7a7-49be-a4dd-360cf7161a7a,R058,road_closure,5,2025-12-11 22:59:59.121382,2025-12-14 14:59:59.121382,16.32,8.432398,71.752687,True
5a908cce-ca78-4c84-a98f-8489e2c177ac,R113,road_closure,3,2026-04-13 18:59:59.121382,2026-04-14 22:59:59.121382,22.63,8.396137,70.25179,True
d5b30316-2570-459a-b822-7234dd8d235f,R010,mechanical,2,2026-03-19 20:59:59.121382,2026-03-19 23:59:59.121382,32.54,15.149118,91.289743,True
ae51bc2d-da34-43b6-9186-20471e9b5563,R016,mechanical,5,2026-03-14 21:59:59.121382,2026-03-16 23:59:59.121382,6.77,18.586487,93.503102,True
49c9e472-840b-4237-9303-dda913a66ee5,R048,weather,2,2026-02-21 14:59:59.121382,2026-02-23 10:59:59.121382,26.82,9.101937,85.560349,True
f55f36ae-dcce-44b6-806f-20999fa89bc6,R136,strike,5,2025-12-27 06:59:59.121382,2025-12-29 16:59:59.121382,46.57,20.684114,91.869772,True
4b56b986-db19-4d57-8532-465a8f04c111,R087,weather,4,2025-11-03 04:59:59.121382,2025-11-03 09:59:59.121382,47.36,25.204862,74.768468,True
1aa7b331-cf8d-4888-bdf9-c04e2b0d0131,R077,strike,4,2026-02-08 22:59:59.121382,2026-02-10 05:59:59.121382,48.63,21.906386,94.798376,True
86f9f33c-0993-4c2f-9299-cd8763b434fe,R168,weather,5,2026-01-18 22:59:59.121382,2026-01-20 02:59:59.121382,43.78,36.28771,93.292259,True
5641ba0a-46aa-4b78-8065-521824384c81,R137,accident,3,2025-12-26 10:59:59.121382,2025-12-27 17:59:59.121382,28.47,15.678248,86.018861,True
db8f8986-a722-4743-a79d-828fada930dd,R056,weather,2,2026-02-19 13:59:59.121382,2026-02-21 15:59:59.121382,29.75,8.144202,87.65832,True
ca58ff88-2ba8-4eaf-832b-85791e09394c,R038,mechanical,1,2026-01-30 02:59:59.121382,2026-02-01 16:59:59.121382,25.95,17.747146,78.997145,True
35df20ce-58fd-43f2-8e44-708f5aa892d5,R060,weather,1,2026-01-22 18:59:59.121382,2026-01-23 06:59:59.121382,19.52,14.658032,73.098487,True
117173cb-dfb6-4745-bc14-63a5cf1d5e07,R089,road_closure,3,2026-02-20 23:59:59.121382,2026-02-22 21:59:59.121382,49.64,34.048647,77.677731,True
d2885228-ebb3-41ef-bcc3-c2872201ab35,R074,strike,1,2026-01-06 23:59:59.121382,2026-01-08 04:59:59.121382,9.7,11.289395,68.962051,True
f6fe327f-26fe-45fb-82ba-41382eff0117,R129,congestion,1,2026-02-16 02:59:59.121382,2026-02-16 23:59:59.121382,31.81,23.517139,91.12718,True
ce03f5da-0d21-42ad-84ae-d7243cec28fb,R182,mechanical,4,2025-10-31 15:59:59.121382,2025-11-02 19:59:59.121382,12.59,20.947859,69.986719,True
fdd30bd4-2428-4271-ad47-bfd6b9acf5fd,R047,accident,1,2026-03-30 05:59:59.121382,2026-03-31 07:59:59.121382,36.82,10.2525,94.970195,True
a59a34dd-fcd8-4bc7-9001-04dd46efa811,R107,mechanical,1,2026-02-09 03:59:59.121382,2026-02-11 06:59:59.121382,34.06,14.263573,89.130627,True
868e39ea-334f-4864-a765-682f5d744805,R167,strike,4,2026-04-15 05:59:59.121382,2026-04-18 00:59:59.121382,27.33,36.474442,88.356652,True
ca9175e5-9e42-460a-bb0d-3f313150dbfd,R115,congestion,4,2026-01-23 22:59:59.121382,2026-01-24 22:59:59.121382,18.01,17.038814,76.92599,True
98a0f718-290d-409a-b87d-895a10db87e1,R127,strike,2,2025-11-17 07:59:59.121382,2025-11-19 23:59:59.121382,37.38,35.802029,72.999488,True
b95fcfbb-2df2-4958-a7d1-41b337ff2c1c,R136,mechanical,2,2026-04-14 05:59:59.121382,2026-04-16 03:59:59.121382,14.7,17.102502,87.84208,True
620f22a6-8e90-43b0-a791-cdaf0aa9c939,R067,road_closure,2,2026-04-16 04:59:59.121382,2026-04-17 05:59:59.121382,5.37,36.016815,93.668045,True
3f6ba6d5-95eb-4661-966d-cd2abef3ffc4,R087,strike,3,2025-12-14 04:59:59.121382,2025-12-16 09:59:59.121382,10.79,9.422693,71.004512,True
fe25b592-3d07-49df-a0b5-b136abf34199,R182,strike,1,2025-12-07 08:59:59.121382,2025-12-07 09:59:59.121382,40.7,13.462059,82.514352,True
5f0cc362-6f1d-47a8-8937-10f592f416a4,R031,road_closure,1,2026-03-28 22:59:59.121382,2026-03-31 15:59:59.121382,41.54,27.195614,81.542983,True
a1aabc24-a43d-47d0-b096-c64d852b2540,R160,congestion,4,2026-01-10 18:59:59.121382,2026-01-11 06:59:59.121382,43.47,13.627563,87.028342,True
8f19ac35-7a29-4d46-acb6-a075934d6ec5,R182,weather,2,2026-01-13 20:59:59.121382,2026-01-15 03:59:59.121382,39.81,14.135611,91.523532,True
0b1f40af-6de5-4141-b423-86b253478b65,R105,accident,3,2026-01-06 07:59:59.121382,2026-01-07 03:59:59.121382,11.87,9.456181,85.651974,True
54e5e196-0189-4a49-8818-112e47f3f370,R097,weather,1,2026-02-17 19:59:59.121382,2026-02-18 16:59:59.121382,30.56,32.634861,95.592447,True
1320d4cf-4541-408a-a184-8fc37ca04d02,R176,weather,2,2025-12-27 00:59:59.121382,2025-12-29 22:59:59.121382,19.08,23.291675,94.125169,True
b6c35b34-f1b0-431b-99e4-ffbdbf9b97e3,R121,strike,2,2026-02-24 10:59:59.121382,2026-02-24 11:59:59.121382,35.68,31.895567,93.485228,True
5f55761a-ee3a-4bfa-a53e-5ed4b3911386,R065,accident,3,2025-11-01 10:59:59.121382,2025-11-02 11:59:59.121382,22.18,29.399392,71.722458,True
4892f32c-7733-432c-83c6-12f9d7bb91c5,R012,weather,5,2025-12-15 13:59:59.121382,2025-12-16 23:59:59.121382,33.69,23.607811,83.453337,True
8db905af-0bf4-4bdf-bd0c-0d96ad47cd07,R059,accident,2,2026-03-16 12:59:59.121382,2026-03-17 07:59:59.121382,48.7,9.26326,74.300465,True
1d10eedb-2f5f-428b-a2a4-7a1045bac542,R069,strike,4,2026-01-28 12:59:59.121382,2026-01-30 00:59:59.121382,13.03,19.379574,79.621705,True
d5401cc7-5919-461d-9523-63217bd694da,R043,accident,1,2026-03-03 09:59:59.121382,2026-03-05 22:59:59.121382,11.77,36.358984,80.598184,True
b35873fc-63e2-4005-ba09-867fd34dd488,R192,congestion,1,2026-04-11 22:59:59.121382,2026-04-12 09:59:59.121382,7.84,26.902203,73.473996,True
46864878-7b87-4698-8502-2f0166a8234c,R010,weather,4,2025-10-28 12:59:59.121382,2025-10-30 08:59:59.121382,16.0,17.619017,73.263431,True
7c807115-3237-41c6-a049-51f0fdfc3b31,R066,strike,2,2025-12-10 04:59:59.121382,2025-12-10 17:59:59.121382,5.27,14.727085,71.513019,True
14a3d939-4341-417c-b9c3-15120cd2603d,R001,strike,5,2025-12-23 03:59:59.121382,2025-12-25 05:59:59.121382,26.06,21.37042,90.941092,True
d5fa601d-7c6a-425a-866a-9cf7a54dbf22,R108,road_closure,2,2026-01-15 07:59:59.121382,2026-01-16 19:59:59.121382,24.12,14.563594,81.588814,True
177a48ca-d7f4-4d4c-9f5c-0ab3d61ea626,R131,road_closure,3,2025-12-09 03:59:59.121382,2025-12-10 10:59:59.121382,16.02,30.555956,76.582172,True
2674194a-4db3-42b6-b534-db8983d2c9ee,R118,weather,3,2026-04-14 23:59:59.121382,2026-04-16 00:59:59.121382,43.66,14.152677,73.856207,True
11448d04-2f85-48e7-b4c6-5d08ee717747,R041,congestion,4,2026-03-11 12:59:59.121382,2026-03-13 18:59:59.121382,42.36,15.890441,70.561069,True
98236dc7-0818-42c8-af00-7051168616ac,R022,accident,2,2026-03-16 07:59:59.121382,2026-03-16 23:59:59.121382,27.81,8.734792,84.540133,True
971acc0f-205a-47f0-b01e-1fa9ac8b277c,R026,weather,5,2025-12-12 08:59:59.121382,2025-12-14 16:59:59.121382,11.04,14.00546,77.741502,True
8e927770-6217-45b2-a41b-ab9f6ee300f5,R055,strike,2,2025-11-19 07:59:59.121382,2025-11-20 08:59:59.121382,42.8,23.720799,90.199457,True
0e472333-1706-44de-92e0-7517cce4287e,R190,strike,5,2026-04-19 05:59:59.121382,2026-04-19 21:59:59.121382,48.04,36.491997,87.296739,True
4c5e6316-6d88-49fc-b636-2f2a38a20136,R045,mechanical,3,2025-11-02 03:59:59.121382,2025-11-03 09:59:59.121382,21.22,15.842589,76.612852,True
60192206-8653-4921-8955-c574db47e9a4,R139,mechanical,5,2026-01-31 09:59:59.121382,2026-02-02 16:59:59.121382,20.38,26.365796,93.827219,True
fdf18aad-baf1-4033-a403-c73fa26ebfb8,R078,congestion,3,2025-12-09 23:59:59.121382,2025-12-10 17:59:59.121382,19.59,32.026492,96.43618,True
4246d193-ed22-4844-8d28-4533c4eab026,R030,weather,4,2026-03-11 14:59:59.121382,2026-03-12 20:59:59.121382,34.78,12.333525,84.825115,True
180e55a2-6811-4efe-b705-1a6071ec9b77,R173,strike,4,2025-10-30 04:59:59.121382,2025-11-01 15:59:59.121382,14.8,20.358395,95.429488,True
ad0e2ff8-a002-401d-a8fe-bd080c65c954,R094,accident,5,2026-04-08 22:59:59.121382,2026-04-09 23:59:59.121382,38.01,21.630586,68.569336,True
831e6547-1c16-4344-ad94-78e9de0e2542,R188,weather,5,2025-12-27 07:59:59.121382,2025-12-28 09:59:59.121382,33.68,23.399091,87.805968,True
9ef5a5a3-498a-4c6b-af73-0defe594509d,R011,congestion,3,2026-03-18 21:59:59.121382,2026-03-21 10:59:59.121382,40.29,19.923668,87.508663,True
ea995388-20f9-4378-b8f3-229cc0838a90,R142,strike,2,2025-12-29 12:59:59.121382,2025-12-31 02:59:59.121382,41.51,11.775491,96.052256,True
9ec64e56-bffe-4c50-88c5-534b61a6d026,R072,congestion,5,2026-03-11 16:59:59.121382,2026-03-13 13:59:59.121382,9.31,10.861747,84.583551,True
a8233698-1142-40a9-9f0d-81091d29af42,R179,road_closure,1,2025-10-23 05:59:59.121382,2025-10-23 08:59:59.121382,35.8,10.084794,86.401954,True
5d90ed07-ca76-432b-a91f-49abd59d603e,R131,road_closure,3,2025-11-15 19:59:59.121382,2025-11-17 22:59:59.121382,24.16,26.522274,79.242137,True
33710a69-9064-47b0-bb37-be842645caa1,R082,weather,4,2026-03-19 03:59:59.121382,2026-03-19 06:59:59.121382,41.93,21.652046,79.264389,True
e4d88c74-faf4-4b73-b50b-4d8ad1f413ba,R051,weather,1,2026-01-14 07:59:59.121382,2026-01-14 21:59:59.121382,12.84,30.54267,72.407784,True
402f287e-a58e-44bc-a4f0-42692d96d76e,R094,mechanical,1,2025-12-04 10:59:59.121382,2025-12-05 15:59:59.121382,30.94,23.138679,91.966033,True
f17f6cd3-cfe1-46d2-bbd4-f0f911cf7975,R152,weather,4,2025-11-18 18:59:59.121382,2025-11-19 14:59:59.121382,9.35,28.966145,80.169961,True
d803bd01-0d1e-4c15-bb84-353d53dae7be,R073,mechanical,1,2026-02-11 18:59:59.121382,2026-02-13 07:59:59.121382,6.3,29.407565,82.213458,True
95a066c3-51a7-4369-acbf-00d04a33b3a5,R141,strike,4,2026-03-09 15:59:59.121382,2026-03-11 04:59:59.121382,41.48,14.244585,88.935378,True
9975c732-3bbb-4842-8436-cb726730a78a,R149,weather,1,2025-11-02 17:59:59.121382,2025-11-02 19:59:59.121382,7.34,15.911857,72.592818,True
24975212-7728-46df-a52c-ad97d8bdf97b,R077,road_closure,2,2025-10-30 19:59:59.121382,2025-10-31 21:59:59.121382,17.83,19.443544,73.215489,True
c6916cee-c36a-4e9c-b696-b39c7df79f1d,R161,strike,2,2025-11-09 15:59:59.121382,2025-11-11 18:59:59.121382,16.13,34.802286,82.652406,True
3c1d0f3c-2312-40c7-a841-7112700b6121,R034,congestion,3,2025-11-05 19:59:59.121382,2025-11-07 00:59:59.121382,43.8,35.021707,71.11746,True
aa8852b3-a553-4c7b-befb-959d583f4376,R029,accident,1,2026-03-21 06:59:59.121382,2026-03-22 16:59:59.121382,7.32,10.734003,84.903211,True
a3f9a879-c762-46b8-ae39-7d4c2e8fe947,R130,strike,3,2026-01-01 19:59:59.121382,2026-01-02 16:59:59.121382,10.76,12.844165,74.460764,True
ed5171ee-4915-42bc-9894-64b73ef80e83,R143,road_closure,1,2026-02-12 05:59:59.121382,2026-02-13 13:59:59.121382,14.63,25.916643,89.796875,True
44d1e6e5-aff9-4587-9613-0e54f55b66ab,R044,congestion,4,2026-04-13 01:59:59.121382,2026-04-13 16:59:59.121382,47.12,12.372992,92.242524,True
6c72b316-4a6f-447a-af48-4661ca7fa839,R115,congestion,1,2026-04-05 16:59:59.121382,2026-04-06 00:59:59.121382,40.64,9.32544,73.858517,True
73a6fc49-598b-444e-81fb-be3e7cb38982,R043,accident,3,2026-02-21 13:59:59.121382,2026-02-24 05:59:59.121382,34.79,12.588939,72.860813,True
6738be75-4af7-4c5c-9add-6cda2060f4d7,R159,road_closure,2,2026-01-30 08:59:59.121382,2026-01-31 13:59:59.121382,7.63,29.569253,88.64458,True
7905cdbc-f41e-43f9-bfad-36ebfcb5b01f,R025,road_closure,1,2026-02-11 23:59:59.121382,2026-02-14 08:59:59.121382,10.44,22.713599,89.296831,True
a5e2ba48-4b86-482e-8425-0e676496eb51,R145,strike,2,2026-02-14 03:59:59.121382,2026-02-15 03:59:59.121382,12.77,17.488801,86.226367,True
fe4f85e8-5460-46e9-ba63-5857bc346593,R019,accident,4,2025-12-28 01:59:59.121382,2025-12-28 16:59:59.121382,38.66,25.070666,94.772105,True
93e11372-3cfc-4bbf-b916-a69f1eed5142,R088,mechanical,5,2026-03-19 10:59:59.121382,2026-03-20 03:59:59.121382,9.26,23.811936,82.974623,True
7d1d9109-22f3-4213-b7b1-efb6b8728ae8,R199,mechanical,4,2025-12-13 12:59:59.121382,2025-12-15 16:59:59.121382,40.7,31.256443,89.077741,True
a33dbc88-e877-4236-993c-a808ed969ae3,R181,strike,2,2026-03-23 19:59:59.121382,2026-03-23 20:59:59.121382,23.89,12.371373,85.996217,True
f2ce115f-d46f-493e-ae38-6a708110d71d,R053,strike,4,2026-01-23 08:59:59.121382,2026-01-23 20:59:59.121382,12.27,15.503798,76.969499,True
36c13d23-4cbe-4fab-b69c-c0b9322a6ed5,R171,weather,3,2026-04-18 05:59:59.121382,2026-04-19 19:59:59.121382,13.93,17.94467,73.615369,True
35568d27-47e2-4c41-b454-ed6a4cda5f07,R069,mechanical,5,2025-12-22 05:59:59.121382,2025-12-24 04:59:59.121382,5.82,26.206161,68.003441,True
805809cb-9bba-4a1f-86c3-268a9577604a,R001,weather,3,2026-04-07 08:59:59.121382,2026-04-09 10:59:59.121382,12.85,18.417703,76.489009,True
3537eb4b-e865-4046-a667-cb557e9b976f,R117,mechanical,5,2026-04-15 02:59:59.121382,2026-04-17 05:59:59.121382,22.18,29.749723,75.989733,True
bfb2869d-3a67-4366-8ab5-ca95ccf735d4,R116,congestion,2,2026-01-23 02:59:59.121382,2026-01-23 19:59:59.121382,41.77,28.191641,69.531915,True
33a0bee2-18fa-41a0-82d7-d6a02e2223f9,R029,mechanical,3,2026-02-26 21:59:59.121382,2026-02-28 18:59:59.121382,7.5,25.182106,76.635825,True
e89c28a0-275a-48bd-bd3d-6a064a29b8ef,R037,congestion,4,2025-12-23 22:59:59.121382,2025-12-25 20:59:59.121382,28.07,35.881508,80.38202,True
d3c3895a-870f-43ac-9f1e-9958b1145b78,R118,weather,4,2026-03-08 18:59:59.121382,2026-03-09 09:59:59.121382,6.06,13.675258,90.172348,True
11b31147-a731-41ad-8f83-6f31678b09e5,R070,strike,2,2025-11-21 15:59:59.121382,2025-11-23 11:59:59.121382,35.96,24.142094,74.183212,True
f7979ec1-5699-41bd-9a20-fafc90a8b9b3,R155,congestion,5,2026-02-20 17:59:59.121382,2026-02-22 18:59:59.121382,11.73,24.577552,81.19532,True
62907fbf-29d5-4a4a-87ea-62f7f489d1d8,R048,weather,5,2025-12-13 20:59:59.121382,2025-12-16 01:59:59.121382,27.14,21.876235,83.590565,True
b36518b0-a2b1-46c1-b8db-d1f324a42133,R007,strike,1,2026-04-18 16:59:59.121382,2026-04-21 07:59:59.121382,18.12,17.833229,84.403334,False
91f2b11d-07a1-4720-b078-42b01acc5032,R091,weather,2,2025-11-22 03:59:59.121382,2025-11-24 16:59:59.121382,28.46,23.082608,79.620279,True
8bf745d1-6725-4db9-a18d-ac34ee892b39,R116,road_closure,5,2026-03-09 06:59:59.121382,2026-03-09 09:59:59.121382,7.78,32.029578,80.339666,True
16cbc9bd-11cd-4eec-ab30-70fdc4c231ef,R185,weather,1,2026-01-21 15:59:59.121382,2026-01-23 10:59:59.121382,34.98,20.615346,86.074468,True
c92f84a0-53fc-43c4-a3f1-6d0ac050d4b2,R143,accident,2,2026-01-31 23:59:59.121382,2026-02-02 03:59:59.121382,17.07,35.919477,70.084698,True
2873d792-4c2b-4c93-840e-c241143453f2,R009,accident,3,2026-01-30 16:59:59.121382,2026-02-01 23:59:59.121382,24.14,28.737939,82.123446,True
dc74d4af-1c61-46b3-a345-398ba3a43975,R178,weather,4,2026-04-18 12:59:59.121382,2026-04-20 16:59:59.121382,17.22,8.318012,93.702577,True
8fefa150-d49c-44f3-934f-db32b89f6d90,R120,weather,4,2026-03-13 22:59:59.121382,2026-03-14 23:59:59.121382,40.38,24.658579,91.580488,True
c73ffa1e-3440-4106-9b9c-39c508ab1262,R180,weather,4,2025-12-05 17:59:59.121382,2025-12-06 03:59:59.121382,42.75,30.175214,75.074044,True
30e36c06-dde5-45fe-b2e6-a13e99a7e18f,R147,congestion,5,2026-03-05 14:59:59.121382,2026-03-05 19:59:59.121382,24.29,20.365307,95.244946,True
db80b318-2c73-4313-a8c3-72792906c8eb,R052,mechanical,3,2026-01-27 12:59:59.121382,2026-01-29 16:59:59.121382,41.79,31.220091,81.110964,True
fd31fcf7-5c31-4d0b-8950-77ee900c7901,R156,accident,3,2026-02-16 05:59:59.121382,2026-02-18 13:59:59.121382,12.64,24.18342,69.641834,True
82da541e-c9db-46fa-b704-61a3dbece67f,R125,mechanical,4,2026-03-05 15:59:59.121382,2026-03-06 16:59:59.121382,18.95,29.914772,75.694932,True
b5dd6fdb-ad1f-4010-af5f-04cd1c305adc,R053,accident,4,2026-02-03 19:59:59.121382,2026-02-06 17:59:59.121382,18.15,32.633246,85.859473,True
3b2ace65-d563-44c9-bd9c-cfc0a487de8d,R135,accident,1,2026-03-10 04:59:59.121382,2026-03-12 08:59:59.121382,48.94,23.478517,81.1206,True
51c2c831-a4d6-4bf4-93a0-6211f2b33c5c,R016,road_closure,2,2025-11-24 13:59:59.121382,2025-11-24 15:59:59.121382,37.88,14.877294,80.356904,True
f49ec084-4649-4ce0-8ac8-7b5fa74fae66,R111,weather,1,2026-01-06 05:59:59.121382,2026-01-06 19:59:59.121382,37.4,11.743629,86.355033,True
fa7666a8-197f-4617-afde-817b770140f4,R065,road_closure,1,2026-04-18 00:59:59.121382,2026-04-19 06:59:59.121382,7.94,34.713596,72.980204,True
d410fee9-5ec5-4d41-bb12-a6bbd3973e3a,R126,weather,4,2026-02-23 12:59:59.121382,2026-02-25 16:59:59.121382,28.33,8.715026,94.35209,True
78726025-1d4e-4af7-9fb3-78be310d39d6,R014,congestion,1,2025-10-24 02:59:59.121382,2025-10-25 12:59:59.121382,49.54,12.504078,68.982388,True
62f7291c-4632-48f3-b23d-3c0d4eb5e039,R058,weather,2,2026-02-13 07:59:59.121382,2026-02-14 03:59:59.121382,36.01,18.691645,68.292622,True
d9d46f74-d0d1-48f9-9f05-9b17a4297167,R112,congestion,3,2025-10-27 19:59:59.121382,2025-10-28 10:59:59.121382,23.66,14.259266,92.552678,True
1a7291f9-1d5c-45a7-b9c4-bcd9987d8625,R021,weather,1,2026-04-02 20:59:59.121382,2026-04-04 20:59:59.121382,30.36,16.007956,75.148973,True
516d818d-3fe1-4765-ad8d-2dd0e32addac,R031,accident,2,2026-01-04 20:59:59.121382,2026-01-05 16:59:59.121382,6.8,23.919222,68.101815,True
f330dcad-f8ce-4667-b8e0-aa7f9ff9bde0,R064,accident,2,2026-01-25 02:59:59.121382,2026-01-27 09:59:59.121382,23.92,16.843104,78.441899,True
7e5a4a9f-4738-41ec-941d-389def84dea8,R137,weather,3,2025-12-30 22:59:59.121382,2026-01-02 02:59:59.121382,29.63,29.064354,81.226028,True
43bd5af8-21f8-4d1d-ba41-4f3f38a9b04e,R075,strike,1,2026-02-16 19:59:59.121382,2026-02-17 00:59:59.121382,42.55,34.441966,73.070339,True
9347b352-ef95-4c4a-b1a6-6b2b8c93d5bd,R166,accident,5,2026-03-26 19:59:59.121382,2026-03-29 14:59:59.121382,31.4,24.797381,69.225801,True
dcc7277d-7921-4304-a413-b74f92b40636,R111,strike,3,2026-03-16 06:59:59.121382,2026-03-17 23:59:59.121382,11.93,20.116834,72.808381,True
9aa09b28-a0eb-4244-8303-ce4a2b9d215b,R152,weather,2,2025-11-23 09:59:59.121382,2025-11-24 00:59:59.121382,46.16,25.689463,84.253731,True
03a0029a-318d-4089-9098-c31bf2b27172,R157,road_closure,1,2025-12-22 10:59:59.121382,2025-12-24 20:59:59.121382,33.14,23.782866,95.565961,True
a381d4ba-aa28-4f76-b1f1-b1c6850ea0b1,R034,accident,2,2026-01-17 19:59:59.121382,2026-01-19 23:59:59.121382,43.53,18.334602,73.547091,True
b96fff0e-2da7-412e-8d1e-bcce5c0c1be6,R143,mechanical,5,2025-12-01 00:59:59.121382,2025-12-03 02:59:59.121382,23.06,36.096921,88.154056,True
7ec9d05d-6d37-4dbe-bb7c-3221a43e2615,R078,mechanical,4,2026-01-21 00:59:59.121382,2026-01-22 21:59:59.121382,14.65,11.712514,89.900431,True
73a4f20b-f935-4509-b265-4ef61d73127b,R112,road_closure,3,2026-01-02 23:59:59.121382,2026-01-05 17:59:59.121382,21.87,31.901884,90.220462,True
ff7c7634-b10c-4f97-a2a1-7b89c6de7472,R061,accident,1,2026-01-10 00:59:59.121382,2026-01-12 03:59:59.121382,15.04,36.116444,73.03554,True
bafbaf85-f631-4aba-af42-629c838ae519,R093,accident,3,2026-03-29 02:59:59.121382,2026-03-31 02:59:59.121382,13.84,29.13261,84.440078,True
def3e201-ec4e-42d9-99a3-bc98b6f5ff0f,R138,congestion,2,2026-01-13 01:59:59.121382,2026-01-15 00:59:59.121382,12.72,11.043236,68.648057,True
6463d718-6bb3-4448-ad1f-931c7104887e,R146,strike,5,2026-02-16 19:59:59.121382,2026-02-18 05:59:59.121382,49.78,19.946831,86.960186,True
817b456c-0505-49e8-9377-11f60ef4a7ce,R198,road_closure,3,2025-12-14 16:59:59.121382,2025-12-15 05:59:59.121382,9.12,16.172945,79.07901,True
d101e207-9be0-4ecb-ac68-271d42e3149c,R079,strike,2,2025-12-21 04:59:59.121382,2025-12-23 04:59:59.121382,7.04,30.097123,75.621614,True
8f850175-79ed-4ffd-8803-523d21e14aea,R101,weather,2,2026-02-26 09:59:59.121382,2026-02-26 15:59:59.121382,11.31,11.610468,94.531473,True
ebecfb03-eb11-43af-8239-6b8cb8f801bf,R112,mechanical,3,2026-02-22 10:59:59.121382,2026-02-25 02:59:59.121382,13.49,9.48684,79.474428,True
94a5e5e4-def0-4ebd-9a78-bf0b3a9134a2,R092,accident,5,2025-11-26 04:59:59.121382,2025-11-26 17:59:59.121382,14.87,19.232669,92.409061,True
58ee7f8c-2730-40fd-a5dd-053bde5da3bc,R184,mechanical,5,2025-11-09 08:59:59.121382,2025-11-11 15:59:59.121382,9.19,16.621717,81.645703,True
8d3bb35c-1244-44de-8e91-b07cd2b57dd6,R022,weather,1,2025-11-04 14:59:59.121382,2025-11-04 19:59:59.121382,47.08,32.624962,74.833628,True
f88cb1f5-d001-4fb1-bb13-746d195a6abb,R038,mechanical,3,2026-02-07 21:59:59.121382,2026-02-10 13:59:59.121382,8.65,19.510862,91.824671,True
7c5aff66-cdf9-4399-9674-cc6b94a9fe1e,R016,strike,2,2025-12-12 00:59:59.121382,2025-12-13 13:59:59.121382,9.48,18.335412,84.87178,True
b215442b-ade6-4e4d-a3d7-5104a970efa6,R191,weather,2,2026-01-08 08:59:59.121382,2026-01-10 12:59:59.121382,45.7,14.37302,86.852916,True
aaef7406-0eff-42f9-af23-3bb0ba6601c4,R084,accident,3,2026-01-22 18:59:59.121382,2026-01-24 11:59:59.121382,26.89,26.315051,70.282559,True
04096b26-7759-4dcf-8b73-e19b3967cebd,R180,weather,3,2026-04-16 01:59:59.121382,2026-04-16 16:59:59.121382,49.19,18.450966,80.380161,True
bb2a0a01-bbf6-4776-86b2-4aff116d218a,R138,accident,2,2025-11-16 03:59:59.121382,2025-11-16 22:59:59.121382,16.27,16.050763,84.54091,True
a59d4cb1-0c61-4971-9169-ae1e52049a2d,R146,strike,5,2026-01-13 17:59:59.121382,2026-01-16 11:59:59.121382,24.49,29.067675,74.016317,True
9bd95c70-6741-4a30-9066-3b4137c290e9,R088,weather,1,2025-11-15 23:59:59.121382,2025-11-18 01:59:59.121382,28.82,29.290338,95.199418,True
256f4f9e-abd2-4054-b02c-813405b023eb,R046,mechanical,1,2026-02-14 19:59:59.121382,2026-02-15 00:59:59.121382,12.64,27.55286,77.746273,True
0b2d609d-9d2f-4e98-a110-ad0736193cb7,R081,mechanical,3,2025-12-07 07:59:59.121382,2025-12-07 15:59:59.121382,18.21,20.799442,77.820551,True
f91ec80c-ca4d-4ad1-a908-726e62039a35,R038,mechanical,4,2026-04-06 04:59:59.121382,2026-04-08 06:59:59.121382,38.6,9.060525,73.406002,True
d6af5f0f-6f7a-4bb3-80be-d4fb64d28ddc,R147,congestion,2,2026-03-21 21:59:59.121382,2026-03-22 00:59:59.121382,29.44,27.859067,73.416542,True
9d8fc682-b82f-47c9-a90a-ead668d948a0,R046,mechanical,4,2026-03-20 18:59:59.121382,2026-03-22 17:59:59.121382,19.27,25.437943,88.653451,True
f35a08bc-c3f7-42e9-b713-41ad5bdffc94,R074,accident,4,2025-12-18 14:59:59.121382,2025-12-19 19:59:59.121382,21.9,13.05895,78.233458,True
1ce6ed3b-b4c5-49aa-8201-7a7f2dfd9062,R133,strike,5,2026-04-07 19:59:59.121382,2026-04-09 19:59:59.121382,38.64,8.641732,84.380508,True
4c21fb53-b3d4-4cbf-92cc-e9fd41907085,R162,accident,3,2026-04-18 04:59:59.121382,2026-04-20 14:59:59.121382,22.08,26.918041,94.435808,True
15b9ac85-a873-4e0e-87d9-a295fc161869,R120,accident,5,2026-04-11 03:59:59.121382,2026-04-12 17:59:59.121382,32.71,23.556457,92.225508,True
4f3f10f9-c224-41a3-8873-735f50c214b0,R046,strike,4,2025-11-01 23:59:59.121382,2025-11-02 03:59:59.121382,24.5,14.603577,70.868229,True
b9693329-4485-4e97-a57a-396ca4624cc6,R137,weather,5,2025-11-26 11:59:59.121382,2025-11-28 11:59:59.121382,30.71,27.764515,77.831828,True
7b754e46-f1b2-41d6-aca7-6c0d0070c8d2,R186,strike,2,2026-03-17 21:59:59.121382,2026-03-20 16:59:59.121382,42.45,15.119553,86.895789,True
4607a949-6ee0-4734-b4cf-54f4230de0fd,R200,road_closure,3,2026-01-05 10:59:59.121382,2026-01-08 03:59:59.121382,43.54,20.083432,89.572093,True
d6d167b8-8232-4b5b-b555-dbeab19d7b53,R093,weather,2,2026-04-15 22:59:59.121382,2026-04-17 14:59:59.121382,30.44,16.944212,87.702848,True
15d8f699-93d1-4401-8448-857a34c291e1,R195,road_closure,3,2026-01-13 10:59:59.121382,2026-01-14 16:59:59.121382,43.44,20.964785,95.087735,True
31fbf551-cff6-4800-a033-fc644f482d4b,R081,weather,4,2026-04-16 20:59:59.121382,2026-04-17 14:59:59.121382,16.58,33.306464,76.622969,True
edbbf723-3694-4b6b-9cc6-3d33ea645710,R101,road_closure,4,2026-03-03 01:59:59.121382,2026-03-05 21:59:59.121382,38.19,33.979473,86.910398,True
69b2d3d9-0f87-4f80-98c4-1edaa218980e,R176,road_closure,5,2026-03-17 01:59:59.121382,2026-03-17 19:59:59.121382,41.27,32.855818,74.746313,True
446373c2-698a-4c3b-b2ec-12c8342306c2,R023,accident,5,2025-11-17 22:59:59.121382,2025-11-19 23:59:59.121382,37.99,10.430445,72.660752,True
b7395fcc-5adb-4704-8e10-486da1653242,R102,congestion,4,2026-04-04 14:59:59.121382,2026-04-06 18:59:59.121382,34.51,33.423706,88.322607,True
b479cbd5-d17f-41cb-bda5-f573ee7a7335,R194,accident,1,2025-12-02 14:59:59.121382,2025-12-03 09:59:59.121382,21.69,23.978688,90.341977,True
bad549d5-1f8c-4241-bae4-c7768055eec4,R169,accident,4,2026-02-01 12:59:59.121382,2026-02-02 16:59:59.121382,16.99,18.596778,81.642535,True
f347a16f-9090-4bca-aab7-1baa6f89c07e,R098,weather,4,2025-10-25 02:59:59.121382,2025-10-26 04:59:59.121382,11.34,14.234774,69.078083,True
9c2b526e-7674-4c00-b8a8-6e6ad093d254,R006,road_closure,2,2025-12-19 22:59:59.121382,2025-12-21 15:59:59.121382,14.91,29.885793,95.070711,True
bc8ef8dd-225a-46f8-980d-cd244ae8dfe9,R066,congestion,4,2026-02-21 09:59:59.121382,2026-02-21 19:59:59.121382,16.81,18.048357,90.457558,True
51cf4599-8588-4080-b144-aae0fe021787,R185,accident,1,2026-02-03 19:59:59.121382,2026-02-04 16:59:59.121382,22.46,20.211071,73.86635,True
2213efae-6ae1-4315-b64e-e8da5fa5dccd,R168,accident,1,2025-10-31 00:59:59.121382,2025-11-01 18:59:59.121382,5.36,14.005093,78.934029,True
48174758-9566-4ebd-bf9d-d2c877070053,R136,road_closure,2,2026-02-02 12:59:59.121382,2026-02-03 14:59:59.121382,31.83,13.463448,90.750794,True
62b6ad05-daea-4710-a54b-59a345083519,R167,congestion,5,2026-04-03 20:59:59.121382,2026-04-06 18:59:59.121382,49.58,8.557719,71.25384,True
f9872d58-ad57-4245-8d7a-c6fd1fe8354a,R168,congestion,3,2026-02-12 00:59:59.121382,2026-02-12 21:59:59.121382,28.85,27.075574,84.85255,True
e86372cc-fbe2-4122-949e-3f9962c32f3d,R144,strike,1,2025-11-10 13:59:59.121382,2025-11-11 20:59:59.121382,26.21,15.265788,77.68142,True
ddbb2da5-5ab4-4e0a-9cf5-176644f3426a,R117,weather,4,2025-11-08 09:59:59.121382,2025-11-08 15:59:59.121382,6.54,13.571122,91.009806,True
dc2ba54d-9319-4c0c-a821-d26b5560c668,R070,mechanical,3,2025-10-28 02:59:59.121382,2025-10-29 22:59:59.121382,15.85,14.24291,76.10362,True
08c9bbf3-828e-4dae-999e-2318dd449fb1,R192,congestion,1,2026-02-09 13:59:59.121382,2026-02-11 15:59:59.121382,37.05,15.700533,80.917577,True
3c3f1efd-6407-42c6-9a7c-fb6869761753,R089,weather,4,2025-12-08 09:59:59.121382,2025-12-09 06:59:59.121382,16.03,34.892646,88.381036,True
cdec28f2-894e-4162-ba73-d31d9085423c,R105,congestion,4,2025-11-13 01:59:59.121382,2025-11-14 06:59:59.121382,35.93,27.338252,94.974076,True
1894f3f0-57d1-4357-8db2-4a3a7e3e510c,R167,strike,2,2026-03-16 08:59:59.121382,2026-03-18 05:59:59.121382,27.9,12.686678,73.99175,True
49afb3a9-d3cf-49d4-9131-a103cf217a0c,R155,accident,3,2026-03-11 23:59:59.121382,2026-03-14 02:59:59.121382,35.19,36.925033,95.330444,True
9c54406d-2eab-49ff-b626-62be977160a4,R167,strike,3,2025-12-20 23:59:59.121382,2025-12-21 18:59:59.121382,49.6,9.729548,77.214186,True
bd4a7341-f289-4afc-bb84-e174e7954592,R025,strike,1,2026-01-19 17:59:59.121382,2026-01-21 08:59:59.121382,22.57,13.424238,93.07931,True
637cfb05-6d2a-4221-8ae3-23c79d559905,R021,mechanical,2,2025-12-21 21:59:59.121382,2025-12-23 23:59:59.121382,34.78,9.55953,94.806789,True
fe381a82-e657-450f-84d8-bc8068cb3778,R186,congestion,4,2025-11-07 11:59:59.121382,2025-11-07 12:59:59.121382,20.62,32.921447,70.945592,True
cc73e00d-604e-4256-9190-71a85be8d868,R145,strike,2,2026-02-01 05:59:59.121382,2026-02-02 08:59:59.121382,39.15,19.589516,73.478502,True
3fe18246-16e1-472b-8033-c4633a930231,R156,strike,2,2025-11-19 06:59:59.121382,2025-11-20 08:59:59.121382,47.93,22.033201,91.607591,True
800d3fc4-b145-4f2b-b276-9695952b1515,R007,strike,3,2026-02-22 11:59:59.121382,2026-02-24 14:59:59.121382,34.41,25.755692,76.282043,True
c88c151d-a8c4-4582-971c-cd9b765c2ffa,R188,congestion,4,2026-03-13 00:59:59.121382,2026-03-13 02:59:59.121382,11.92,36.091224,87.492312,True
df360401-f29c-4220-84b1-e91dc5f9a108,R110,accident,4,2026-01-29 13:59:59.121382,2026-01-29 15:59:59.121382,12.64,8.620277,95.381057,True
172c555d-e2a8-4d78-9fb2-da0238240060,R023,mechanical,4,2026-02-13 15:59:59.121382,2026-02-14 21:59:59.121382,9.74,9.688896,72.529143,True
68573718-c82a-4525-9e6c-71bb1070d262,R006,congestion,3,2025-12-10 17:59:59.121382,2025-12-12 20:59:59.121382,10.08,26.550198,84.533494,True
89d696ba-2a5d-4316-8b92-b41f5a9b0977,R102,weather,3,2025-11-11 12:59:59.121382,2025-11-12 19:59:59.121382,18.92,24.804775,75.158618,True
9a7a0edb-57be-43f7-aaa3-ebcb2f914c2a,R187,road_closure,3,2026-02-21 09:59:59.121382,2026-02-21 21:59:59.121382,9.94,22.188895,89.654926,True
29c7966b-6429-4c87-8c30-86fbd0351863,R177,road_closure,4,2026-02-28 05:59:59.121382,2026-03-01 20:59:59.121382,43.03,22.005648,76.647722,True
0afd5c18-3eb6-4e90-90d5-860b42026a2e,R154,mechanical,2,2026-01-23 03:59:59.121382,2026-01-24 19:59:59.121382,13.17,33.891007,96.950792,True
d77f9bc1-e7f4-4bd7-ada3-a161372df1ba,R003,mechanical,5,2026-01-16 11:59:59.121382,2026-01-18 10:59:59.121382,38.83,27.181784,92.589801,True
26ed27ad-9b9c-4850-a353-561794fb065c,R107,accident,5,2025-12-09 16:59:59.121382,2025-12-10 21:59:59.121382,27.17,11.028251,81.167798,True
0343cf9f-4a8e-4c9f-8ae0-73d874396994,R034,strike,4,2026-04-19 15:59:59.121382,2026-04-20 10:59:59.121382,25.23,23.072532,87.772108,True
89e2c882-835b-4c64-83c5-fe518d69ddb6,R096,road_closure,2,2025-10-26 14:59:59.121382,2025-10-28 14:59:59.121382,21.27,25.129002,96.18942,True
98be1c20-7939-43e5-962e-57be7a4c8724,R157,accident,3,2026-04-14 10:59:59.121382,2026-04-16 16:59:59.121382,26.21,25.658241,87.945418,True
cf4db0e6-0ee1-4a89-8c26-84625b2f0958,R187,strike,2,2025-11-18 04:59:59.121382,2025-11-18 12:59:59.121382,45.5,29.981285,96.937255,True
1dede29e-7d91-4ada-b507-cdf2f9f16875,R078,weather,2,2025-10-31 05:59:59.121382,2025-11-02 03:59:59.121382,7.52,11.727833,86.047086,True
98ddab10-9074-4e38-8d0d-7df158ae10f1,R115,accident,2,2026-02-05 10:59:59.121382,2026-02-06 20:59:59.121382,40.52,32.466383,82.856258,True
eed397e7-04b0-40fc-9546-306bcacfd375,R023,accident,5,2025-12-30 12:59:59.121382,2025-12-31 14:59:59.121382,21.36,33.030797,81.007243,True
919cd1ef-9dee-4dd7-b85c-b4fa72b30526,R047,mechanical,2,2025-11-13 21:59:59.121382,2025-11-15 22:59:59.121382,39.01,17.879615,79.285653,True
d53f95ea-ea45-41e8-9770-b6083a82f060,R197,strike,1,2025-12-03 16:59:59.121382,2025-12-06 14:59:59.121382,30.19,21.767106,71.190616,True
593b4b73-4d25-4fe6-9be1-e086d10793fd,R087,mechanical,1,2025-10-28 19:59:59.121382,2025-10-30 01:59:59.121382,40.34,19.97677,72.388897,True
9596d418-ca17-42ad-b539-a72326926177,R109,weather,1,2026-02-21 21:59:59.121382,2026-02-24 13:59:59.121382,19.14,24.149829,90.824643,True
aae12856-da96-4c00-bae6-6bb0405ffef1,R096,accident,1,2026-03-20 06:59:59.121382,2026-03-22 06:59:59.121382,27.98,19.569195,72.908879,True
683632cc-8ac3-4601-b6f9-9e0efa55820e,R159,road_closure,1,2026-01-23 13:59:59.121382,2026-01-25 16:59:59.121382,11.12,15.25593,73.982463,True
41f0403f-ddc6-4169-bf50-8dc6a2e9d32a,R118,strike,3,2026-03-05 12:59:59.121382,2026-03-06 18:59:59.121382,40.34,12.314342,87.047418,True
0cb58203-b151-40e1-9639-10b048097ac2,R165,road_closure,1,2026-04-14 17:59:59.121382,2026-04-16 07:59:59.121382,37.85,36.791619,87.674373,True
627706c6-c4e8-4a60-9e37-1d7fd373ef29,R096,congestion,2,2026-01-13 11:59:59.121382,2026-01-13 12:59:59.121382,47.97,17.227997,72.229915,True
e1968084-42d3-4524-9f7f-85dc23ec43ca,R188,weather,3,2025-11-28 20:59:59.121382,2025-11-29 11:59:59.121382,7.51,8.396077,81.968787,True
914de86d-fb7f-4654-b904-ef8a936529d7,R145,weather,2,2026-04-15 22:59:59.121382,2026-04-17 14:59:59.121382,22.49,8.77859,88.530968,True
ecafef68-e416-4fe1-89a1-1f786b934834,R004,accident,2,2026-04-18 15:59:59.121382,2026-04-21 08:59:59.121382,23.25,33.500379,95.192781,False
09c445a7-8022-4f66-9946-8a68079d34f3,R032,strike,3,2026-04-05 01:59:59.121382,2026-04-06 12:59:59.121382,20.98,36.870087,68.396652,True
ee2ea100-81fa-4a9d-94f3-4cd91a2f0158,R050,mechanical,1,2026-01-22 22:59:59.121382,2026-01-24 01:59:59.121382,16.29,29.506656,88.109349,True
fe8009f6-22c9-4ec5-934f-67defdc2da5c,R153,strike,1,2026-02-14 04:59:59.121382,2026-02-14 19:59:59.121382,31.16,32.712047,95.981607,True
4a209805-8dc0-438b-b8c7-cec650b62dd5,R142,accident,2,2026-03-19 00:59:59.121382,2026-03-20 01:59:59.121382,31.85,8.25763,69.062318,True
c16e9019-2804-4531-b444-b177f8b70f65,R137,accident,5,2026-02-27 11:59:59.121382,2026-03-01 06:59:59.121382,45.88,23.309367,75.918126,True
822b422c-2892-4bba-a746-a3a5e080c456,R066,congestion,1,2025-11-28 05:59:59.121382,2025-11-30 15:59:59.121382,34.37,15.510955,82.161806,True
1b0bdd55-602c-43a6-a7c6-79f4da317d98,R047,mechanical,4,2026-04-12 23:59:59.121382,2026-04-14 04:59:59.121382,7.66,35.346135,74.143908,True
6892485d-7afe-4150-906e-b0136b7ef645,R194,strike,3,2026-01-02 00:59:59.121382,2026-01-03 04:59:59.121382,11.16,21.593272,79.561119,True
c5d71e76-5de4-457e-bef0-d28100d04d5c,R188,weather,1,2026-03-06 10:59:59.121382,2026-03-09 03:59:59.121382,42.42,26.1122,95.926302,True
c89d240a-5ac6-4918-b54f-520acab0ec87,R088,weather,3,2026-02-20 15:59:59.121382,2026-02-21 08:59:59.121382,37.73,18.966099,68.740191,True
58c25dc2-1d20-4929-9799-b63aeecf5e35,R197,accident,5,2025-12-30 11:59:59.121382,2026-01-01 14:59:59.121382,31.25,12.244902,72.053378,True
35c49236-b46e-4249-81e7-2fe2e3c03dba,R074,weather,5,2026-02-25 18:59:59.121382,2026-02-26 14:59:59.121382,28.59,10.095888,93.400686,True
8cabcccc-115c-4f51-be7d-30cd515d08d1,R019,congestion,5,2026-04-11 03:59:59.121382,2026-04-11 16:59:59.121382,45.68,22.512274,68.413863,True
4067e6c6-d39e-4080-bfae-1c56b244eecd,R128,congestion,5,2026-01-25 19:59:59.121382,2026-01-26 10:59:59.121382,28.74,23.0174,86.979337,True
d1109497-25ac-402b-a1ea-abac15e96078,R109,road_closure,4,2026-04-20 16:59:59.121382,2026-04-23 02:59:59.121382,23.58,15.655035,76.14834,False
03ee4086-ffa0-4a65-a9cb-b20a7d870689,R044,mechanical,4,2025-11-13 04:59:59.121382,2025-11-13 12:59:59.121382,35.15,15.351679,94.6504,True
a03c30aa-2ee1-4c91-b150-6ab060a07650,R166,weather,2,2026-02-02 13:59:59.121382,2026-02-03 15:59:59.121382,37.59,15.335854,87.817463,True
4c981dfb-0729-4c2c-abe8-dfa6481d8da5,R164,accident,1,2026-04-18 04:59:59.121382,2026-04-18 15:59:59.121382,10.53,11.559462,95.930325,True
b93f2ae1-f162-4dfa-9cb1-a88485848160,R172,road_closure,3,2026-03-02 22:59:59.121382,2026-03-04 03:59:59.121382,28.5,28.355416,81.077385,True
8a0f87f6-10fc-4385-bd12-46b61c701ae2,R153,congestion,2,2026-02-15 05:59:59.121382,2026-02-17 02:59:59.121382,26.31,24.82635,93.75513,True
431ba19d-63dd-4e7f-a7b4-87d432427744,R069,mechanical,4,2025-11-27 06:59:59.121382,2025-11-29 11:59:59.121382,7.15,20.958193,73.020638,True
ae8eed12-5b8f-4345-955d-789a49f546e6,R113,accident,5,2025-12-04 21:59:59.121382,2025-12-07 02:59:59.121382,42.42,9.129078,69.043705,True
1919197c-1b47-4606-85f5-3d78688c681f,R070,mechanical,2,2026-04-05 20:59:59.121382,2026-04-08 14:59:59.121382,13.26,36.42934,85.872462,True
305f3f78-2fe3-447b-ae6a-b4f385ca23ca,R064,weather,4,2025-11-28 09:59:59.121382,2025-11-30 20:59:59.121382,21.07,15.055783,95.515105,True
f41082aa-cfae-4a8e-8a06-b1aa38e362e2,R030,road_closure,2,2026-02-02 14:59:59.121382,2026-02-03 22:59:59.121382,13.54,35.810053,77.988798,True
3494587a-c25f-47a6-86fb-fcff156cf36e,R080,congestion,3,2025-11-18 02:59:59.121382,2025-11-20 07:59:59.121382,46.27,28.740564,70.168714,True
7169c133-fa92-418e-98ab-0e263d974e48,R019,road_closure,1,2026-01-26 17:59:59.121382,2026-01-27 16:59:59.121382,48.86,18.468113,90.720588,True
5fc74618-e022-4c18-add0-edb9da4210b5,R180,strike,1,2025-11-29 08:59:59.121382,2025-11-29 14:59:59.121382,14.19,30.104744,83.091854,True
d4b8faa1-b5a1-44f0-a5a8-bc8cff3ec916,R123,mechanical,2,2025-11-26 18:59:59.121382,2025-11-27 20:59:59.121382,6.81,19.451129,85.643142,True
01aea5f5-1820-4092-96b0-8873ddf36420,R078,accident,3,2026-03-04 19:59:59.121382,2026-03-06 02:59:59.121382,5.43,35.838161,78.993515,True
1a4e633e-82fa-431a-835c-93906dd26f47,R047,mechanical,1,2025-12-17 14:59:59.121382,2025-12-17 17:59:59.121382,17.04,8.896017,73.841264,True
29f7e8f5-a4c6-437b-89e2-ba497ac95a40,R127,congestion,4,2025-12-09 09:59:59.121382,2025-12-09 19:59:59.121382,27.63,16.32309,94.403677,True
6dddad00-3a18-4c79-b934-f89ee4a7b4c0,R195,congestion,2,2025-11-21 19:59:59.121382,2025-11-22 13:59:59.121382,16.45,32.101448,94.440394,True
04d06e10-06db-48ff-b405-5a3cd51d93d7,R166,weather,2,2025-12-05 04:59:59.121382,2025-12-05 15:59:59.121382,11.72,8.559828,95.996272,True
263e44c9-9706-4121-927e-b66587816781,R174,mechanical,5,2025-12-09 08:59:59.121382,2025-12-10 22:59:59.121382,34.58,24.979907,78.094771,True
47c218c6-a5e0-42c6-82df-77e44e1238bc,R113,mechanical,3,2025-11-11 17:59:59.121382,2025-11-11 20:59:59.121382,13.58,22.1719,70.248014,True
0cbc013c-ea50-401f-aa21-97bda68adfcd,R057,weather,1,2026-02-11 13:59:59.121382,2026-02-12 23:59:59.121382,11.88,11.911371,68.753487,True
b82d985f-f5bd-41e5-b9b9-29f1a8c4d69b,R153,mechanical,3,2026-02-08 00:59:59.121382,2026-02-08 15:59:59.121382,33.56,35.085866,71.202017,True
9ddbaf86-fa57-4fc2-a2e7-231827db9091,R165,mechanical,1,2025-11-07 03:59:59.121382,2025-11-09 00:59:59.121382,5.91,23.911629,73.788037,True
c4e77454-ab08-4ed4-be13-5fd337622793,R015,road_closure,1,2026-04-04 03:59:59.121382,2026-04-06 05:59:59.121382,45.11,32.386822,72.240423,True
fb154569-46c9-47b6-af37-0a1c24de6706,R116,road_closure,3,2026-01-23 16:59:59.121382,2026-01-25 23:59:59.121382,29.55,31.162433,74.108722,True
31b08dd7-271e-4b0e-8227-1f054f7c588f,R044,accident,5,2026-03-02 10:59:59.121382,2026-03-04 14:59:59.121382,19.67,25.195674,71.501412,True
d432ff54-6db9-4c2c-a5b8-26cc0dc0bd27,R084,mechanical,1,2026-03-28 03:59:59.121382,2026-03-30 02:59:59.121382,16.26,36.134769,89.158582,True
31366ddd-37a6-4f51-858f-8440c9666d10,R157,road_closure,4,2026-01-02 10:59:59.121382,2026-01-02 15:59:59.121382,23.91,35.741416,79.347029,True
437d57fd-cb5d-4069-b9d4-c96a1f5d8e86,R112,strike,3,2026-04-10 15:59:59.121382,2026-04-11 04:59:59.121382,45.28,36.263667,87.977128,True
c1b4e1c5-67c0-4ff7-848c-808260e23377,R078,road_closure,2,2025-10-27 17:59:59.121382,2025-10-27 20:59:59.121382,18.02,29.024153,68.455153,True
1ea75af9-9d5d-4cdd-bceb-95e46b2eda62,R138,congestion,3,2026-04-07 06:59:59.121382,2026-04-09 01:59:59.121382,29.39,25.479164,73.420377,True
81bd6a89-5651-4569-9793-5ac2df704d0c,R017,mechanical,3,2026-03-07 05:59:59.121382,2026-03-09 18:59:59.121382,11.35,21.551578,73.086927,True
0b65827d-3c30-474a-9575-1543d5683feb,R159,congestion,5,2025-10-28 12:59:59.121382,2025-10-29 11:59:59.121382,25.65,36.402476,75.475211,True
fe2bdf82-776e-46e4-95cc-7db7ae8076b4,R015,road_closure,5,2025-12-10 05:59:59.121382,2025-12-11 03:59:59.121382,26.02,20.030089,80.57275,True
ea262e9a-6c9e-48c5-a85b-a645df8da85a,R090,road_closure,4,2025-12-08 23:59:59.121382,2025-12-09 05:59:59.121382,28.01,23.583375,81.608103,True
e1433dc7-2e73-44e2-bb52-1f4077f8f2e1,R083,congestion,5,2025-11-29 03:59:59.121382,2025-12-01 11:59:59.121382,23.43,26.542336,93.313325,True
e0decb06-7870-4bd0-bbdd-6c424c5b2242,R073,strike,2,2026-02-07 08:59:59.121382,2026-02-07 23:59:59.121382,5.69,25.598111,92.961128,True
93c01594-559f-48e1-bace-acfb1c190115,R063,strike,5,2025-11-10 08:59:59.121382,2025-11-11 01:59:59.121382,47.52,34.024802,77.644631,True
7014d1cb-32fb-4ef5-aa2e-399349785dbd,R057,accident,5,2025-10-27 03:59:59.121382,2025-10-30 00:59:59.121382,46.33,11.671975,91.647455,True
cfd7736d-8c74-4876-887d-a2ef506a4a0e,R038,congestion,1,2026-04-06 11:59:59.121382,2026-04-08 16:59:59.121382,9.24,10.241511,75.47823,True
e72d8e6e-f7e3-458d-b58b-c84fcd602a7e,R043,mechanical,1,2026-03-22 17:59:59.121382,2026-03-23 00:59:59.121382,46.84,30.988313,74.757959,True
bc6c7580-8ed7-4787-91cf-2fdbafbe928b,R020,weather,3,2025-10-26 23:59:59.121382,2025-10-28 18:59:59.121382,34.02,28.543335,70.60163,True
09f53098-7d2f-45dc-be15-e8b1273b6637,R100,mechanical,1,2025-10-30 14:59:59.121382,2025-10-31 05:59:59.121382,48.99,12.260768,84.620913,True
56f9e57e-588b-4a2b-ac36-543d10897f4e,R090,mechanical,4,2025-12-28 23:59:59.121382,2025-12-31 02:59:59.121382,7.32,34.854215,68.690375,True
45bddf77-82a9-412d-b57d-9adc1dbcd2b9,R107,strike,1,2025-10-31 08:59:59.121382,2025-11-02 06:59:59.121382,30.43,23.210186,71.972908,True
21f2257d-6399-4db2-a838-eeb85a17d702,R148,weather,3,2026-02-19 10:59:59.121382,2026-02-21 17:59:59.121382,29.27,23.027363,83.132655,True
7b7ddd38-d225-4739-bd46-05402765abe2,R195,accident,2,2025-12-29 18:59:59.121382,2025-12-30 16:59:59.121382,36.72,10.832323,70.945141,True
5efd368a-2be1-41a1-a14b-afe2b458bb61,R155,road_closure,2,2025-12-05 08:59:59.121382,2025-12-07 02:59:59.121382,27.94,35.233358,75.884761,True
4304e37d-3c2e-4c65-8ba7-91c243981701,R167,strike,4,2025-10-27 21:59:59.121382,2025-10-29 08:59:59.121382,35.44,10.772218,80.778955,True
8a795169-a137-4afe-96a7-1576caa4d37e,R062,accident,1,2025-11-01 00:59:59.121382,2025-11-03 10:59:59.121382,41.77,21.919509,91.987356,True
0798c073-abd5-43e3-973a-ad92d7a27363,R168,strike,4,2026-02-10 17:59:59.121382,2026-02-13 11:59:59.121382,10.01,32.12411,70.770533,True
acf81a4c-1ff6-441e-b7f4-014cd9902209,R139,accident,4,2026-03-03 11:59:59.121382,2026-03-03 18:59:59.121382,18.7,9.762654,94.050112,True
360a4286-183e-4093-b27b-5f24d77a0165,R121,strike,5,2025-12-17 15:59:59.121382,2025-12-20 14:59:59.121382,27.78,28.263889,88.073212,True
d01691fc-fea1-4002-8c43-9ac466fa65ee,R111,congestion,2,2026-03-11 10:59:59.121382,2026-03-14 06:59:59.121382,11.28,35.54782,68.803007,True
7f52441a-b8eb-4e9e-a698-b3b77d67d158,R088,accident,2,2026-01-23 12:59:59.121382,2026-01-24 01:59:59.121382,39.56,30.556552,75.111669,True
9965545e-5117-46b9-87a0-1ff24a262d9e,R182,accident,1,2025-11-30 08:59:59.121382,2025-12-03 01:59:59.121382,36.72,8.129969,82.535749,True
c798e6c3-30b0-4ff7-a1a8-ccd0810334b7,R091,congestion,1,2026-01-25 09:59:59.121382,2026-01-26 01:59:59.121382,45.18,20.5853,82.448139,True
03e06def-cea4-4be1-a6f6-53205dc5aaff,R043,mechanical,2,2025-11-13 15:59:59.121382,2025-11-14 00:59:59.121382,24.71,19.459324,86.9599,True
067f7b43-c4f7-48d3-bb95-5f3f16149f1b,R011,mechanical,4,2026-04-02 23:59:59.121382,2026-04-03 23:59:59.121382,48.14,18.958684,91.477858,True
0e677af6-9534-49cb-98aa-fe24dcf28234,R157,strike,3,2025-12-16 10:59:59.121382,2025-12-18 10:59:59.121382,31.7,32.527866,77.403247,True
e4b8f9d3-6ce1-4e9e-bf46-d187112e2f09,R091,accident,5,2026-01-03 04:59:59.121382,2026-01-03 05:59:59.121382,31.03,16.89339,95.88579,True
c3fe5459-1d78-4feb-b19b-ff7ed90f0f7d,R161,strike,2,2026-02-02 11:59:59.121382,2026-02-03 07:59:59.121382,36.94,36.495182,91.423028,True
438126cf-8e65-47c4-88c3-302d7328a15a,R088,accident,4,2025-10-26 01:59:59.121382,2025-10-27 13:59:59.121382,10.81,13.403671,78.552531,True
4a860fb7-ffd8-422e-abe5-fb7e391e45b5,R071,mechanical,3,2026-01-28 19:59:59.121382,2026-01-31 12:59:59.121382,24.97,15.522137,84.877124,True
c2cf92b0-5362-4280-b0ba-04e5df415a5b,R123,accident,3,2025-10-26 11:59:59.121382,2025-10-27 23:59:59.121382,16.61,35.38621,73.020336,True
1f9e2e02-2e5a-4fcb-a7a7-04923dc4a7c3,R124,road_closure,5,2026-01-15 16:59:59.121382,2026-01-17 06:59:59.121382,42.97,34.802893,91.926128,True
b40a0950-ab3c-4141-a89b-946c5537c708,R011,congestion,4,2026-03-15 18:59:59.121382,2026-03-17 19:59:59.121382,14.3,27.165957,83.985998,True
82e2b2ca-72e6-47f4-a4d5-2fae305f417e,R042,weather,3,2025-10-26 18:59:59.121382,2025-10-26 21:59:59.121382,42.51,16.818038,68.248088,True
d2476bc6-9cc7-4484-9d00-2f81cf7048e2,R071,strike,4,2026-01-22 14:59:59.121382,2026-01-24 01:59:59.121382,49.26,11.38927,85.563119,True
919a8420-dbc1-40e2-8086-e223559c78b9,R039,strike,5,2026-02-04 10:59:59.121382,2026-02-07 03:59:59.121382,14.34,34.063057,85.21199,True
c87ee972-df62-4046-be77-ac407c11f810,R075,road_closure,3,2026-03-12 20:59:59.121382,2026-03-14 00:59:59.121382,37.68,27.72178,79.807787,True
57de6cf8-1e22-444d-b02b-e087a85f0681,R041,strike,5,2026-03-29 06:59:59.121382,2026-03-31 09:59:59.121382,42.25,23.799257,70.401324,True
563581ec-545c-4b2f-9d54-b56736d00d45,R138,weather,1,2026-04-06 14:59:59.121382,2026-04-08 12:59:59.121382,5.4,26.365222,73.313691,True
de925a78-02ab-4b97-80ba-ee4d8755d2ba,R061,congestion,4,2026-02-03 19:59:59.121382,2026-02-06 13:59:59.121382,43.64,34.021601,68.611339,True
901a73c0-b478-4dde-9621-71f9af71e792,R030,weather,2,2025-10-27 08:59:59.121382,2025-10-28 15:59:59.121382,41.17,18.332605,79.357327,True
6feded70-0207-4103-b8a5-305714b00b83,R179,road_closure,4,2025-12-14 17:59:59.121382,2025-12-16 23:59:59.121382,27.35,19.604337,93.927584,True
d324640a-7a84-4a3d-a185-f737130d3d42,R103,congestion,1,2025-11-24 02:59:59.121382,2025-11-27 00:59:59.121382,28.94,12.960743,92.952489,True
7da48b57-784d-4720-8610-c63cb057196f,R066,road_closure,1,2025-11-24 13:59:59.121382,2025-11-27 04:59:59.121382,15.95,36.101376,90.429128,True
21125de0-b916-421d-94a6-9a77a74d5d4c,R125,accident,3,2026-04-05 06:59:59.121382,2026-04-05 11:59:59.121382,31.33,17.047175,94.272701,True
68619206-0aa6-4be3-9cd8-81c0f565695a,R022,mechanical,1,2026-01-29 00:59:59.121382,2026-01-31 12:59:59.121382,28.58,33.005297,79.324955,True
6fbab05b-a3da-410f-938f-c9b12b4d1c36,R050,accident,5,2025-11-29 06:59:59.121382,2025-12-01 22:59:59.121382,7.17,24.255417,79.008136,True
96642a5d-e5f8-4812-bf7c-25f4222a2dd8,R023,congestion,5,2026-01-04 18:59:59.121382,2026-01-07 03:59:59.121382,19.77,32.221301,74.082431,True
23cb5c56-e1ce-4c39-a2c0-af3bc4ab010e,R046,strike,2,2026-04-02 18:59:59.121382,2026-04-05 15:59:59.121382,25.04,19.330374,90.21632,True
adf0baeb-ef03-4220-aea6-bf88d773ab0c,R048,accident,5,2026-03-22 02:59:59.121382,2026-03-22 05:59:59.121382,45.8,16.179747,87.996752,True
3e490f6d-2cb1-4b48-9f82-eaf8d891dc17,R135,congestion,1,2025-12-03 12:59:59.121382,2025-12-05 13:59:59.121382,15.4,29.957832,70.99962,True
2740c0eb-0a02-4b8d-a9ab-000933939717,R194,strike,2,2026-01-20 02:59:59.121382,2026-01-22 21:59:59.121382,5.56,34.384326,95.211779,True
f4ebe51f-eca9-45bd-b5b6-4c8c86201cd4,R118,road_closure,4,2026-04-10 15:59:59.121382,2026-04-12 20:59:59.121382,31.21,20.376938,82.93424,True
d3111e3e-53a0-409f-91ca-f28b6cee10ca,R092,mechanical,3,2025-12-03 06:59:59.121382,2025-12-03 13:59:59.121382,39.78,12.131431,86.578529,True
3d5c5459-08e8-4f02-8204-1ffe8fbaf03b,R075,road_closure,1,2025-11-10 18:59:59.121382,2025-11-12 07:59:59.121382,34.42,17.71083,94.667207,True
aad2afe3-cf68-4749-9c22-7ae6078b6155,R135,mechanical,2,2026-01-10 23:59:59.121382,2026-01-12 21:59:59.121382,30.43,29.881351,73.042873,True
d7861ce3-995b-4d7d-9e7c-e222f997c744,R001,accident,5,2026-04-12 15:59:59.121382,2026-04-13 01:59:59.121382,29.82,24.551322,80.835546,True
4fb4d781-5c70-43c0-90d6-1c99a877602a,R006,weather,5,2026-01-16 12:59:59.121382,2026-01-18 22:59:59.121382,11.71,32.002463,81.085244,True
934b25f0-4a9c-4297-98a8-1baeba4bf4a0,R140,congestion,1,2026-01-07 21:59:59.121382,2026-01-10 14:59:59.121382,28.96,13.331526,95.300924,True
ce6bff9b-fbe6-4d40-a258-e3c6c38cfcd3,R166,strike,1,2025-12-01 09:59:59.121382,2025-12-02 03:59:59.121382,25.81,21.976384,69.231656,True
52e3ad89-9a50-4cc7-b454-70f21f39aa60,R117,mechanical,4,2026-04-04 08:59:59.121382,2026-04-04 22:59:59.121382,9.04,13.242328,85.138614,True
e7687da6-a89d-49ba-9b66-4f8588f693b6,R132,congestion,5,2025-12-23 16:59:59.121382,2025-12-24 00:59:59.121382,23.69,14.181762,71.385836,True
e52f8130-0c42-43d9-af1c-7ab6ffc9de9c,R152,mechanical,3,2026-01-27 11:59:59.121382,2026-01-28 04:59:59.121382,40.05,30.270189,92.734806,True
00d157fa-415d-4fda-81b2-c0a4b533e534,R198,mechanical,2,2026-01-13 15:59:59.121382,2026-01-16 03:59:59.121382,5.93,14.369692,78.185019,True
2911aeec-8644-4360-94d7-5789f7e907dc,R140,road_closure,5,2025-11-16 00:59:59.121382,2025-11-18 12:59:59.121382,24.97,27.700151,72.084046,True
aee62af2-467b-4670-a41f-10c512675530,R002,weather,1,2025-12-21 19:59:59.121382,2025-12-23 20:59:59.121382,35.02,17.108244,73.57175,True
730dae9d-7241-44cd-87c7-2141518b9a8f,R088,road_closure,5,2026-02-04 14:59:59.121382,2026-02-06 05:59:59.121382,16.03,33.047197,77.100745,True
7cb03c26-32d4-4b01-9b0e-aceb097802f8,R145,road_closure,2,2026-03-18 08:59:59.121382,2026-03-18 18:59:59.121382,27.16,35.562812,88.777861,True
bc70d6ea-33c4-42fb-a436-0873779b2888,R013,mechanical,5,2025-11-12 11:59:59.121382,2025-11-13 09:59:59.121382,37.54,18.045413,94.07358,True
de9efb01-e4b3-408d-b16e-cfb6b8a5cbc2,R078,congestion,4,2026-02-17 15:59:59.121382,2026-02-18 06:59:59.121382,40.51,36.543243,92.408581,True
3fcb778e-cf78-4cbd-96df-447640729cab,R044,strike,5,2025-12-23 21:59:59.121382,2025-12-25 06:59:59.121382,22.56,24.038097,86.812935,True
b3174851-96e7-4ff2-a56b-20054b1d8bf0,R018,accident,4,2026-02-13 02:59:59.121382,2026-02-14 23:59:59.121382,23.23,13.381663,90.186253,True
79dc3e9c-7d48-4711-ac35-c0dafb202ac1,R039,accident,3,2026-01-06 02:59:59.121382,2026-01-06 16:59:59.121382,7.19,35.049236,76.869885,True
d949f704-de52-4c4c-ac2c-06b3860914a3,R155,accident,3,2026-01-01 08:59:59.121382,2026-01-03 22:59:59.121382,13.67,31.408213,87.067328,True
41944f20-db29-471a-8382-58c96f331e64,R072,mechanical,5,2026-01-11 20:59:59.121382,2026-01-12 03:59:59.121382,49.75,13.905811,86.675941,True
0c1179c9-22fd-46f4-a780-b84c217a154c,R074,mechanical,1,2026-01-09 22:59:59.121382,2026-01-12 15:59:59.121382,26.22,22.674155,83.767341,True
955d6c16-45c8-40cd-852e-e0ddd11c6d18,R154,strike,3,2026-02-18 16:59:59.121382,2026-02-20 13:59:59.121382,29.01,23.964282,76.911516,True
